Name,Age,Gender,Phone,Date,Day,Month,EmailID,Variety,DiningType,Firstorder,Secondorder,Thirdorder,MainIngredients1,MainIngredients2,MainIngredients3,PreferrredIngredients,LeastPreferredIngredients,TotalBill,Rating
EKTA CHAUHAN,31,Female,+91 7025363101,1-Jan-21,Friday,Jan,ektachauhan311@gmail.com,Vegetarian,Breakfast,Veg Hakka Noodles Recipe,Beetroot Idli Recipe,Mango Rabri,Noodles,Urad Dal,Mango,Noodles,Chocolate,650,3.5
POOJA KUMARI,32,Female,+91 7025363102,2-Jan-21,Saturday,Jan,poojakumari321@gmail.com,Vegetarian,Breakfast,Vermicelli Upma Recipe,Millet Pongal Recipe,Rose & Litchi Ganache Butter Cookies,Vermicelli,Moong Dal,Spring Chicken,Pasta,Beetroot,800,3.5
MINAKSHI,33,Female,+91 7025363103,3-Jan-21,Sunday,Jan,minakshi331@gmail.com,Vegetarian,Breakfast,Uttapam Recipe,Rava Medu Vada Recipe,New York Cheesecake,Urad Dal,Urad Dal,"rice (par-boiled), black gram (urad dal)",Urad Dal,Chocolate,600,3.6
NASIMA,34,Female,+91 7025363104,4-Jan-21,Monday,Jan,nasima341@gmail.com,Vegetarian,Breakfast,Upma Recipe,Aloo Uttapam Recipe,Microwave Coffee Cake,Semolina,Urad Dal,Chicken,Spinach,Almond,600,3.7
RAJESH,35,Female,+91 7025363105,5-Jan-21,Tuesday,Jan,rajesh351@gmail.com,Vegetarian,Breakfast,Aloo Ka Paratha,Murmura Idli Recipe,Falsa Popsicles,Atta flour,Urad Dal,Falsa,Atta flour,Mango,750,3.2
JUNEB BANO,36,Female,+91 7025363106,6-Jan-21,Wednesday,Jan,junebbano361@gmail.com,Vegetarian,Breakfast,Mixed Vegetable Salad,Masala Oats Recipe,Unicorn Easter Eggs,Vegetable Salad,Oats,Chocolate Balls,Spinach,Graham Crackers,600,
PARERNA,37,Female,+91 7025363107,7-Jan-21,Thursday,Jan,parerna371@gmail.com,Vegetarian,Breakfast,Masala Puri Recipe,Masala Dosa,Easter Simnel Cake,Atta flour,Urad Dal,Flour,Atta flour,Flour,650,3.7
ALKA,38,Female,+91 7025363108,8-Jan-21,Friday,Jan,alka381@gmail.com,Vegetarian,Breakfast,Garlic Bread Recipe,Idli,Thandai Macaron,Bread,Urad Dal,"Almond Powder, Icing Sugar,thandai mix",Poha,Falsa,800,4
GUNGUN,39,Female,+91 7025363109,9-Jan-21,Saturday,Jan,gungun391@gmail.com,Vegetarian,Breakfast,Mysore Masala Dosa Recipe,Medu Vada,Malai Gujiya,Urad Dal,Urad Dal,Prawns,Urad Dal,Chocolate,1000,3.9
SONIA TIWARI,40,Female,+91 7025363110,10-Jan-21,Sunday,Jan,soniatiwari401@gmail.com,Vegetarian,Breakfast,Bhatura Recipe,Paruppu Vada,Thandai Cheesecake,Wheat flour,Chana Dal,Cashewnut & almond flour,Vegetables,Beetroot,1050,3.9
MUSKAN,41,Female,+91 7025363111,11-Jan-21,Monday,Jan,muskan411@gmail.com,Vegetarian,Breakfast,Pasta in Cheese Sauce Recipe,Pahadi Kairi Ki Chutney With Gahat Dal Paratha Recipe,Annanas Aur Kalonji Ki Gujiya,Pasta,Mango,Maida& pineapple,Pasta,Chocolate,1100,3.8
KISWAR JAHAN,42,Female,+91 7025363112,12-Jan-21,Tuesday,Jan,kiswarjahan421@gmail.com,Vegetarian,Breakfast,Flax Seeds Crackers,Paneer Bhurji Sandwich Recipe,Chocolate And Cereal Ki Gujiya,Flax Seeds,Paneer,Chocolate And Cerea,Paneer,Almond,1150,4.2
VANDHNA,43,Female,+91 7025363113,13-Jan-21,Wednesday,Jan,vandhna431@gmail.com,Vegetarian,Breakfast,Spinach Avocado Smoothie,Tamatar Feta Cheese Katlama Recipe,Sitafal Basundi,Spinach,Paneer,Singhara,Spinach,Mango,1200,4.3
SANTOSH BAI,44,Female,+91 7025363114,14-Jan-21,Thursday,Jan,santoshbai441@gmail.com,Vegetarian,Breakfast,Clear Mushroom Soup,Homemade Veg Grilled Sandwich Recipe,V-Day Spiked Hot Chocolate,Mushroom,Potato,Callebaut chocolate,Mushroom,Graham Crackers,1250,3.8
MUNNI KHATUN,45,Female,+91 7025363115,15-Jan-21,Friday,Jan,munnikhatun451@gmail.com,Vegetarian,Breakfast,Cream Of Spinach Soup,Beetroot Chilla Recipe,Mixed Berries And White Chocolate Ghujia With Kahlua Thandai,Spinach,Beetroot,Beans,Spinach,Flour,1300,3.5
ANNPURNA,25,Female,+91 7025363116,16-Jan-21,Saturday,Jan,annpurna251@gmail.com,Vegetarian,Breakfast,Thai Corn Fritters,Bajra Dosa Recipe,Khas Khas And Gud Ki Panjiri,Corn,Millet,khakra crisps,Flour,Falsa,1350,3.6
SANEHA,26,Female,+91 7025363117,17-Jan-21,Sunday,Jan,saneha261@gmail.com,Vegetarian,Breakfast,Kolache Pohe (Konkani-Style Poha),Ragi Dosa Recipe,Christmas Cake,Poha,Ragi Flour,Baking powder,Poha,Chocolate,1400,4.4
MONIKA RANI,27,Female,+91 7025363118,18-Jan-21,Monday,Jan,monikarani271@gmail.com,Vegetarian,Breakfast,Oats Appe,Pasta with Tangy Tomato Sauce Recipe,Choco Christmas Pudding,Oats,Wheat flour,Choclate flavoured syrup,Graham Crackers,Beetroot,1450,3.7
REEMA JHA,28,Female,+91 7025363119,19-Jan-21,Tuesday,Jan,reemajha281@gmail.com,Vegetarian,Breakfast,Veg Makhani (Veg Makhanwala),Mooli Thepla with Aloo Bhaji Recipe,Jalebi Churros,Vegetables,Aloo,Yellow cornmeal,Vegetables,Chocolate,1500,
KUMARI MEERA,29,Female,+91 7025363120,20-Jan-21,Wednesday,Jan,kumarimeera291@gmail.com,Vegetarian,Breakfast,Bread Pakora Chaat,Bedmi Puri With Raseele Aloo Recipe,Gud Til Ladoo,Bread,Urad Dal,All purpose flour & zucchini,Falsa,Almond,1550,3.7
YASHIKA,30,Female,+91 7025363121,21-Jan-21,Thursday,Jan,yashika301@gmail.com,Vegetarian,Lunch,Vrat-Special Makhana Khichdi,Keema Chana Dal Pulao,Chana Dal Chikki,Makhana,Pulao,Chana,Makhana,Mango,1600,2.8
TAPSAM,31,Female,+91 7025363122,22-Jan-21,Friday,Jan,tapsam311@gmail.com,Vegetarian,Lunch,Satpura,Veg Dum Biryani,Tarte A L'oignon,Flour,Biryani,Chicken,Biryani,Litchi,1650,3.9
KHUSBOO,32,Female,+91 7025363123,23-Jan-21,Saturday,Jan,khusboo321@gmail.com,Vegetarian,Lunch,Chhattisgarh's Batkar Curry,Singapore Fried Rice,Homemade Bread Gulab Jamun,Masoor dal,Fried rice,Potatoes,Masoor dal,Graham Crackers,1700,3
ISHIKA,33,Female,+91 7025363124,24-Jan-21,Sunday,Jan,ishika331@gmail.com,Vegetarian,Lunch,Paneer Pancake,Chana Dal Pulao,Choco-Elaichi Peda,Paneer,Pulao,Choclate flavoured syrup,Paneer,Falsa,1800,3.7
PARTIBHA,34,Female,+91 7025363125,25-Jan-21,Monday,Jan,partibha341@gmail.com,Vegetarian,Lunch,Avocado Mash On Toast,Birbal Ki Khichdi,Nuts Barfi,Avacado,Khichdi,almond milk,Paneer,Hazelnut Ganache,650,3.2
NARBADA,35,Female,+91 7025363126,26-Jan-21,Tuesday,Jan,narbada351@gmail.com,Vegetarian,Lunch,Mango Phalsa Chaat,Paneer Fried Rice,Diabetic-Friendly Rabri,Mango,Paneer,Oats,Mango,Malai,800,4.1
KUMARI MANJU,36,Female,+91 7025363127,27-Jan-21,Wednesday,Jan,kumarimanju361@gmail.com,Vegetarian,Lunch,Capsicum Rice Recipe,Keto Fried Rice,Jhajariya,Capsicum,Fried rice,Chicken,Chicken,Capsicum,600,3.7
RINKU KUMARI,37,Female,+91 7025363128,28-Jan-21,Thursday,Jan,rinkukumari371@gmail.com,Vegetarian,Lunch,Carrot Rice Recipe,Fresh Mango Kheer,Varo Mithai ,Carrot,Mango,Nuts,Nuts,Carrot,600,3.2
BARJRAJ,25,Male,+91 7025363129,29-Jan-21,Friday,Jan,barjraj251@gmail.com,Vegetarian,Lunch,Churumuri Recipe (Puffed Rice Snack),Coriander Burnt Garlic Rice-,Sweet Potato Shrikhand,Puffed,Garlic rice,Sweet Potato,Sweet Potato,Puffed,750,3.3
RAMDIN VERMA,26,Male,+91 7025363130,30-Jan-21,Saturday,Jan,ramdinverma261@gmail.com,Vegetarian,Lunch,Coconut rice (Thengai sadam),Hyderabadi Bagara Khana (Bagara Rice),Lychee Rabri Kulfi,Coconut,Bagara rice,Chicken,Chicken,Coconut,600,3.8
SHARAT CHANDRAN,27,Male,+91 7025363131,31-Jan-21,Sunday,Jan,sharatchandran271@gmail.com,Vegetarian,Lunch,Curd Rice Recipe,Soybean And Baby Potatoes Biryani,Paal Poli,Curd,Biryani,Orange And Ginger,Orange And Ginger,Curd,650,3.2
BIRENDER MANDAL,28,Male,+91 7025363132,1-Feb-21,Monday,Feb,birendermandal281@gmail.com,Vegetarian,Lunch,Pepper Rice Recipe,Rajasthani Kadhi With Tofu Palak Pakoda,Kharbooje Ki Kheer,Pepper,Gravy,khakra crisps,khakra crisps,Pepper,800,4
AMIT,29,Male,+91 7025363133,2-Feb-21,Tuesday,Feb,amit291@gmail.com,Vegetarian,Lunch,Ghee Rice Recipe,Vegetable Briyani,Mango Phirni,Ghee,Vegetable,Mango,Mango,Ghee,1000,3.1
KUSHAL,30,Male,+91 7025363134,3-Feb-21,Wednesday,Feb,kushal301@gmail.com,Vegetarian,Lunch,Jeera rice recipe,Khazur Makuti (Khajur Ki Kheer),Tab Tim Krob,Jeera,Moong dal,Tapioca Flour,Tapioca Flour,Jeera,1050,3.3
KASID,31,Male,+91 7025363135,4-Feb-21,Thursday,Feb,kasid311@gmail.com,Vegetarian,Lunch,Mango Yogurt Parfait,Kesar Pista Phirni,Makai Ki Galvani,Mango,Pista,Beetroot,Mango,Sandwich,1100,4
SHIV PRAKASH,32,Male,+91 7025363136,5-Feb-21,Friday,Feb,shivprakash321@gmail.com,Vegetarian,Lunch,Falsa Chutney,Ghavan,Bingsu,Falsa,Rice,Fruits,Rice,Berry,1150,4.7
VIKRAM SINGH,33,Male,+91 7025363137,6-Feb-21,Saturday,Feb,vikramsingh331@gmail.com,Vegetarian,Lunch,Restaurant-Style Biryani Gravy,Korean Bibimbap,Chukandar Ka Halwa With Vanilla Ice Cream,Gravy,Rice,Beetroot,Gravy,Khas Khas,1200,3.4
SANJAY,34,Male,+91 7025363138,7-Feb-21,Sunday,Feb,sanjay341@gmail.com,Vegetarian,Lunch,Mango Pickle,Sakkarai Pongal,Chocolate Frozen Phirni,Mango,Moong dal,Cocoa Powder,Moong dal,Sooji / Flour,1250,3.6
ABHI,35,Male,+91 7025363139,8-Feb-21,Monday,Feb,abhi351@gmail.com,Vegetarian,Lunch,Suji Cheese Balls ,Red Rice Vermicelli Kheer,Almond And Rose Kheer,Semolina,Red rice,"dried rose petals, Almonds",Semolina,Chocolate,1300,3.5
RAM DUTT GUPTA,36,Male,+91 7025363140,9-Feb-21,Tuesday,Feb,ramduttgupta361@gmail.com,Vegetarian,Lunch,Alphonso Mango Cremeux With Exotic Fresh Wild Berries,Basanti Pulao,Classic Tiramisu,Mango,Pulao,mascarpone cheese,Pulao,Jalebi,1350,3.6
KHADAK SINGH,37,Male,+91 7025363141,10-Feb-21,Wednesday,Feb,khadaksingh371@gmail.com,Vegetarian,Dinner,Sabudana Chips,Satrangi Biryani,Crispy Kalakand,Sabudana,Biryani,Kalakand,Sabudana,Ladoo,1400,4
GURMIT SINGH,38,Male,+91 7025363142,11-Feb-21,Thursday,Feb,gurmitsingh381@gmail.com,Vegetarian,Dinner,No Oven Garlic Bread,Palak Dal Khichdi,Besan Ke Laddoo,Bread,Spinach,Besan,Spinach,Chana dal,1450,4.1
CHANDERPAL,39,Male,+91 7025363143,12-Feb-21,Friday,Feb,chanderpal391@gmail.com,Vegetarian,Dinner,Mango Suji Cake,Badam Ki Phirni,Chocolate Chip Cookies,Mango,Badam,chocolate chips,Mango,Flour,1500,3.7
AMAN,40,Male,+91 7025363144,13-Feb-21,Saturday,Feb,aman401@gmail.com,Vegetarian,Dinner,Restaurant-Style Gravy,Ada Pradhaman,Sable Viennois,Gravy,Ada,Mutton,Ada,Gulab Jamun,1550,3.7
KHURSID,41,Male,+91 7025363145,14-Feb-21,Sunday,Feb,khursid411@gmail.com,Vegetarian,Dinner,Mango Salsa,Green Cucumber Shots,Sweet Kachoris,Mango,Cucumber,"flour, besan",Mango,Chocolate,1600,3.6
RAJEEV,42,Male,+91 7025363146,15-Feb-21,Monday,Feb,rajeev421@gmail.com,Vegetarian,Dinner,Cheese Baked Penne With A Kolhapuri Jhatka,Thai Pineapple Rice,Thandai Mousse,Pasta,Pineapple,thandai,Pineapple,Nuts,1650,3.8
DURGESH,43,Male,+91 7025363147,16-Feb-21,Tuesday,Feb,durgesh431@gmail.com,Vegetarian,Dinner,Amritsari Paneer Pakoda,Fried Rice With Soya Chunks,Eggless Red Velvet Pastry,Paneer,Basmati Rice &  Soya Chunks,All purpose flour & Icing sugar,Paneer,Rabri,1700,3.4
NAHAR SINGH,44,Male,+91 7025363148,17-Feb-21,Wednesday,Feb,naharsingh441@gmail.com,Vegetarian,Dinner,Coconut Milk Based Mushrooms With Herb Rice,Veg Pulao,Strawberry Chia Pudding,Mushroom,Vegetable,Milk & starw berries,Biryani,Sweet corn,1800,4.3
RAM KUMAR,45,Male,+91 7025363149,18-Feb-21,Thursday,Feb,ramkumar451@gmail.com,Vegetarian,Dinner,Aloo Paneer Pakoda,Veg Fried Rice,"Amaranthus Granola With Lemon Yogurt, Berries And Marigold",Paneer,Rice & vegetables,Popped Amaranthus,Paneer,Mango,650,
SUNDER PAAL,25,Male,+91 7025363150,19-Feb-21,Friday,Feb,sunderpaal251@gmail.com,Vegetarian,Dinner,Mango Jamun Phirni,Instant Rava Dosa,Anarse Ki Goli,Mango,"rava/Suji/Semolina, rice flour, all purpose flour", atta,Beetroot,Graham Crackers,650,
MAANSINGH ASWAL,26,Male,+91 7025363151,20-Feb-21,Saturday,Feb,maansinghaswal261@gmail.com,Vegetarian,Dinner,Mushroom Ghee Roast,No Bake Apple Pie,Anjeer Ki Barfi,Mushroom,Apple,anjeer,Mushroom,Flour,800,3.5
ROHIT,27,Male,+91 7025363152,21-Feb-21,Sunday,Feb,rohit271@gmail.com,Vegetarian,Dinner,Aloo Chokha (Bengali-Style Aloo Bharta),Gatte Ke Khichdi,Atte Ki Pinni,Aloo,Rice,Atta,Paneer,Maida,600,3.6
SPARSH,28,Male,+91 7025363153,22-Feb-21,Monday,Feb,sparsh281@gmail.com,Vegetarian,Dinner,Tok Dal (Bengali-Style Raw Mango Dal),Gehun Ki Kheer,Beej Ki Barfi,Masoor dal,Wheat,Melon seeds,Masoor dal,Muskmelon Pulp,600,3.7
SANTOSH,29,Male,+91 7025363154,23-Feb-21,Tuesday,Feb,santosh291@gmail.com,Vegetarian,Dinner,Kathiawari Aloo Chana Chaat,Gluten Free Polenta Halwa,Amaranth Chocolate Ravioli With Kahlua Chocolate Sauce,Chana,gluten-free polenta,"Amaranth flour, whole wheat flour",Mango,Mango,750,3.2
PUNIT KHANDELWAL,30,Male,+91 7025363155,24-Feb-21,Wednesday,Feb,punitkhandelwal301@gmail.com,Vegetarian,Dinner,Oats Dahi Ke Kabab,Gokul Pithe,Baked Blueberry Cheesecake,Oats,Coconut,blueberries,Oats,Coconut milk,600,3.8
DINESH,31,Male,+91 7025363156,25-Feb-21,Thursday,Feb,dinesh311@gmail.com,Vegetarian,Dinner,Tapioca Chips,Greek Style Pizza,Brownie Bottom Cheesecake,Tapioca,Pizza Flour & cheese,cream cheese,Bagara rice,Makki flour,650,3.7
GULSHAN,32,Male,+91 7025363157,26-Feb-21,Friday,Feb,gulshan321@gmail.com,Vegetarian,Dinner,Chikar Chole,Chinese Noodles,Carrot Cake,Chikar,Noodles,carrot,Chikar,berris / Fruits,800,4
ARVIND KUMAR YADAV,33,Male,+91 7025363158,27-Feb-21,Saturday,Feb,arvindkumaryadav331@gmail.com,Vegetarian,Dinner,Killer And George Chutney,Green Lentil Dessert Fudge,Chocolate Fudge Cookies,killer,Moond beans,Cocoa Powder,Gravy,Beetroot,1000,3.9
NAUSAD,34,Male,+91 7025363159,28-Feb-21,Sunday,Feb,nausad341@gmail.com,Vegetarian,Dinner,Paneer Kohlapuri,Grilled Almond Barfi (Sugar Free),Chocolate Mocha-Kissed Bundt Cake,Pohlapuri,Khoya,Chocolate,Pohlapuri,Chocolate,1050,3.9
MD. AFSAR,35,Male,+91 7025363160,1-Mar-21,Monday,Mar,md.afsar351@gmail.com,Vegetarian,Dinner,Herb And Garlic Ghee Infused Veggie Pasta,Grilled Peach And Papaya Salad With Amaranth Granola,Chocolate Mug Cake,Herb,Papaya,Cocoa Powder,Moong dal,Almond,1100,3.8
SPANA,40,Female,+91 7025363161,2-Mar-21,Tuesday,Mar,spana401@gmail.com,Non Vegetarian,Breakfast,Handi Omelette Recipe,African Omelette,Christmas Chocolate Fudge Cookies,Omelette,Mutton mince,Baking powder,Omelette,Mango,1150,4.2
RITA ROY,41,Female,+91 7025363162,3-Mar-21,Wednesday,Mar,ritaroy411@gmail.com,Non Vegetarian,Breakfast,Egg Chapati Recipe,Apple Pancakes,Christmas Plum Cake,Egg,Apples,mixed dry fruits,Fish Fingers,Graham Crackers,1200,4.2
RESHMA,42,Female,+91 7025363163,4-Mar-21,Thursday,Mar,reshma421@gmail.com,Non Vegetarian,Breakfast,Chilli Garlic Omelette Recipe,Avocado Toast,Christmas Pudding,Omelette,Avacado,Cocoa Powder,Omelette,Flour,1250,3.8
SAMAIALI,43,Female,+91 7025363164,5-Mar-21,Friday,Mar,samaiali431@gmail.com,Non Vegetarian,Breakfast,Chicken Cheese Sandwich Recipe,Baked Eggs,Waffle Cake,Chicken Sandwich,Eggs,Refined flour,Fish,Falsa,1300,3.5
PRIYANKA SAGAR,44,Female,+91 7025363165,6-Mar-21,Saturday,Mar,priyankasagar441@gmail.com,Non Vegetarian,Breakfast,One Pot Chicken Pasta,Banh Xeo (Vietnamese Pancakes),White Chocolate Cheesecake,Chicken Pasta,chicken breasts,Eggs,Chicken Pasta,Chocolate,1350,3.6
SAMREEN,45,Female,+91 7025363166,7-Mar-21,Sunday,Mar,samreen451@gmail.com,Non Vegetarian,Breakfast,Achaari Chicken Cutlet Sandwich,Bhaji Par Eeda,Gajar Ka Halwa,Chicken Sandwich,egg,"Winter Carrots, Milk",Mutton,Beetroot,1400,4.3
HIMANSHI,25,Female,+91 7025363167,8-Mar-21,Monday,Mar,himanshi251@gmail.com,Non Vegetarian,Breakfast,Butter Chicken Kulcha,Boiled Egg Omelette,Gulab Badam Chikki,Chicken Kulcha,Egg,Butter,Chicken Kulcha,Chocolate,1450,3.7
PANKAJ,26,Female,+91 7025363168,9-Mar-21,Tuesday,Mar,pankaj261@gmail.com,Non Vegetarian,Breakfast,Chicken Hakka Noodles,Boiled Egg Stir-Fry,Gulab Jamun,Chicken Noodles,Egg,Semolina,Chicken Momos,Almond,1500,4.4
ROSHAN,27,Female,+91 7025363169,10-Mar-21,Wednesday,Mar,roshan271@gmail.com,Non Vegetarian,Breakfast,Butter Chicken Momos,Bread And Butter Pudding,Suji Gulab Jamun,Chicken Momos," bread slices, Butter",Suji ,Chicken Momos,Mango,1550,3.7
GUL AFSHAN,28,Female,+91 7025363170,11-Mar-21,Thursday,Mar,gulafshan281@gmail.com,Non Vegetarian,Breakfast,Mutton Vadai,Breakfast Fish Cakes,Turmeric Kulfi,Mutton,white fish,Milk,Chicken Kulcha,Graham Crackers,1600,2.8
SHANA,29,Female,+91 7025363171,12-Mar-21,Friday,Mar,shana291@gmail.com,Non Vegetarian,Breakfast,Mutton Spring Roll,Californian Breakfast Benedict,Kolambi Bhaat,Mutton,Avacodo,Suji,Mutton,Flour,1650,3.9
NAGMA,30,Female,+91 7025363172,13-Mar-21,Saturday,Mar,nagma301@gmail.com,Non Vegetarian,Breakfast,Meat Lovers Pizza,Cheese Omelette,Badam burfi recipe,Chicken Pizza,"Cheese,Egg",Almonds,Chicken Pasta,Falsa,1700,3
TANUJA,31,Female,+91 7025363173,14-Mar-21,Sunday,Mar,tanuja311@gmail.com,Non Vegetarian,Breakfast,Cheddar Cheese Sole Fish Tikka,Chicken Caesar Pasta Salad,Badam Kheer Recipe ,Fish,Chicken,"Green tea bags, Almond slivers",Fish,Chocolate,1800,3.7
RISHU,32,Female,+91 7025363174,15-Mar-21,Monday,Mar,rishu321@gmail.com,Non Vegetarian,Breakfast,Prawn Pie,Chicken Cheese Sandwich,Badam ladoo,Prawn Pie,Chicken,Almonds,Omelette,Beetroot,650,3.2
GUNJAN VERNA,33,Female,+91 7025363175,16-Mar-21,Tuesday,Mar,gunjanverna331@gmail.com,Non Vegetarian,Breakfast,Beer Batter Fish Fingers,Chicken Masala Omelette,Badam milk ,Fish Fingers,Chicken,Almonds,Fish Fingers,Chocolate,800,4.5
NOOR JALA,34,Female,+91 7025363176,17-Mar-21,Wednesday,Mar,noorjala341@gmail.com,Non Vegetarian,Breakfast,Egg Sandwich Cake,Chicken Mayo Sandwich,Eggless Chocolate Cake Recipe,Sandwich,Chicken,Wheat & Butter,Omelette,Almond,600,3.7
NIKHIDA,35,Female,+91 7025363177,18-Mar-21,Thursday,Mar,nikhida351@gmail.com,Non Vegetarian,Breakfast,Cinnamon Bread Pudding,Chicken Omelette With Sauteed Mushrooms,Eggless Black Forest Cake Recipe,Nutmeg Powder,Chicken,Banana,Nutmeg Powder,butter,600,3.2
NITHIKA,36,Female,+91 7025363178,19-Mar-21,Friday,Mar,nithika361@gmail.com,Non Vegetarian,Breakfast,Classic American Pancakes,Chicken Pasta Salad,Eggless Banana Pancakes,All purpose flour,Chicken,Banana,Egg,Baking soda,750,3.3
RAMBA,37,Female,+91 7025363179,20-Mar-21,Saturday,Mar,ramba371@gmail.com,Non Vegetarian,Breakfast,Desi Style Fluffy Omelette,Chicken Stew And Appam,Eggless chocolate banana cake,Eggs,Chicken,Wheat & Butter,Eggs,Baking soda,600,3.8
DIVYA,38,Female,+91 7025363180,21-Mar-21,Sunday,Mar,divya381@gmail.com,Non Vegetarian,Breakfast,Deviled Eggs,Chilli Garlic Omelette,Chocolate banana cake no eggs,Eggs,Eggs,chocolate chips,Eggs,Milk,650,3.2
RENU,38,Female,+91 7025363181,22-Mar-21,Monday,Mar,renu381@gmail.com,Non Vegetarian,Lunch,Chicken Tawa Boti,Meen Pollichathu,Leftover Chicken Curry Biryani,Chicken,Fish,Mutton,Chicken,Mango,800,4
DEEPIKA,39,Female,+91 7025363182,23-Mar-21,Tuesday,Mar,deepika391@gmail.com,Non Vegetarian,Lunch,Style Butter Chicken,BBQ Malai Boti, Almond ladoo,Chicken,Mutton,Almond,Chicken,Litchi,1000,3.1
KUMKUM,35,Female,+91 7025363183,24-Mar-21,Wednesday,Mar,kumkum351@gmail.com,Non Vegetarian,Lunch,Satay Chicken Curry,Sindhi Mutton Fry,Almond burfi,Chicken,Mutton,sweet potato & almond,Chicken,Graham Crackers,1050,3.3
RUKSANA,36,Female,+91 7025363184,25-Mar-21,Thursday,Mar,ruksana361@gmail.com,Non Vegetarian,Lunch,Tamil Nadu-Style Chicken Salna,Rara Mutton,Badam katli,Chicken,Mutton,"Green tea bags, Almond slivers",Chicken,Flour,1100,4
PRIYANKA BAGCDANI,37,Female,+91 7025363185,26-Mar-21,Friday,Mar,priyankabagcdani371@gmail.com,Non Vegetarian,Lunch,Muthiya Chicken Kebab,Pepperoni Pizza,Badam Payasam,Chicken,Flour,Almonds,Prawn,Falsa,1150,4.7
SWEETY,38,Female,+91 7025363186,27-Mar-21,Saturday,Mar,sweety381@gmail.com,Non Vegetarian,Lunch,Chicken Katsu Burger,Saag Gosht,Almond Kheer,Chicken,Mutton,Almond powder,Chicken,Hazelnut Ganache,1200,3.4
GULAFSA KHATUN,39,Female,+91 7025363187,28-Mar-21,Sunday,Mar,gulafsakhatun391@gmail.com,Non Vegetarian,Lunch,Thai Chicken Stir Fry,Badam Gosht Korma,Almond Jaggery Burfi,Chicken,Mutton,Almond powder,Chicken,Margarine,1250,3.6
CAPTAIN,40,Female,+91 7025363188,29-Mar-21,Monday,Mar,captain401@gmail.com,Non Vegetarian,Lunch,Stuffed Makhmali Chicken Tikka,Mutton Akbari,BlackForest,Chicken,Mutton,Fruits,Chicken,Macaron,1300,
KUMARI PRIYANKA AGARWAL,41,Female,+91 7025363189,30-Mar-21,Tuesday,Mar,kumaripriyankaagarwal411@gmail.com,Non Vegetarian,Lunch,Slow Cooked Chicken Tikka Masala,Military Mutton Curry,Hariyali Chicken Biryani,Chicken,Mutton,Chicken,Chicken,Malai,1350,3.6
REKHA,42,Female,+91 7025363190,31-Mar-21,Wednesday,Mar,rekha421@gmail.com,Non Vegetarian,Lunch,Salami Roll,Mutton Tandoori,Yakhni Biryani,Salami,Mutton,Chicken,Salami,Thandai,1400,4
AKANSHA,43,Female,+91 7025363191,1-Apr-21,Thursday,Apr,akansha431@gmail.com,Non Vegetarian,Lunch,Chicken Bihari Boti,Keema Naan,One-Pot Chicken Rice,Chicken,Mutton,Eggs,Chicken,Pineapple,1450,4.1
KRITIKA,44,Female,+91 7025363192,2-Apr-21,Friday,Apr,kritika441@gmail.com,Non Vegetarian,Lunch,Mexican Chicken Nachos,Coriander Mutton Fry,Chicken Mandi Biryani,Chicken,Mutton,Chicken,Chicken,Chocolate,1500,3.7
SEFALI,45,Female,+91 7025363193,3-Apr-21,Saturday,Apr,sefali451@gmail.com,Non Vegetarian,Lunch,Malai Tikka Pulao,Lahori Mutton Karahi,Shahi Dastarkhwan Chicken Biryani,Chicken,Mutton,Chicken,Chicken,Sitafal,1550,3.7
KHSHBU,25,Female,+91 7025363194,4-Apr-21,Sunday,Apr,khshbu251@gmail.com,Non Vegetarian,Lunch,Ramadan Special Khichdi,Kashmiri Harissa,Chicken Seekh Kabab Pulao,Chicken,Mutton,Chicken,Chicken,Mango,1600,3.6
HEENA,26,Female,+91 7025363195,5-Apr-21,Monday,Apr,heena261@gmail.com,Non Vegetarian,Lunch,Chicken Potato Kebab,Mutton Tahari,Egg Keema Pulao,Chicken,Mutton,Eggs,Egg,Sandwich,1650,3.8
SUNAKI,27,Female,+91 7025363196,6-Apr-21,Tuesday,Apr,sunakiw/okallu271@gmail.com,Non Vegetarian,Lunch,Chicken Laccha Pakora,Low Calorie Baingan Chips,Karnataka Style Biryani,Chicken,Brinjal,Chicken skinned ,Chicken,Berry,1700,
PARAMJEET KAUR,28,Female,+91 7025363197,7-Apr-21,Wednesday,Apr,paramjeetkaur281@gmail.com,Non Vegetarian,Lunch,Summer Blossom Salad,Mutton Chaap Fry,Mutton Mandi Biryani,Chicken ham,Mutton,Dijon mustard & Cauliflowers,Mutton,Khas Khas,1800,4.3
SANGEET,29,Female,+91 7025363198,8-Apr-21,Thursday,Apr,sangeet291@gmail.com,Non Vegetarian,Lunch,Mexican Chicken Rice,Mutton Resha Gosht,Sofiana Biryani,Chicken,Mutton,Chicken,Chicken,Litchi,650,3.5
NEELIMA,30,Female,+91 7025363199,9-Apr-21,Friday,Apr,neelima301@gmail.com,Non Vegetarian,Lunch,Hyderabadi Green Chicken,Kadaknath Chicken Curry,Butter Chicken Biryani,Chicken,Chicken,Boneless Chicken,Chicken,Chocolate,650,3.5
DEEPTI,31,Female,+91 7025363200,10-Apr-21,Saturday,Apr,deepti311@gmail.com,Non Vegetarian,Lunch,Gongura Chicken Biryani,Keto Butter Chicken,Bamboo Biryani,Chicken,Chicken,Chicken,Chicken,Graham Crackers,800,
RAJKUMARI,32,Female,+91 7025363201,11-Apr-21,Sunday,Apr,rajkumari321@gmail.com,Non Vegetarian,Lunch,Thai Chicken Fried Rice,Lahori Charga,Dum Biryani Risotto,Chicken,Chicken,Chicken,Chicken,Flour,600,3.6
POOJA KANWAR,33,Female,+91 7025363202,12-Apr-21,Monday,Apr,poojakanwar331@gmail.com,Non Vegetarian,Lunch,Honey Garlic Chicken,The Pancake Underground,Murgh Biryani,Chicken,Egg,chicken leg,Chicken,Chana dal,600,3.7
RIZWANA KHATUN,34,Female,+91 7025363203,13-Apr-21,Tuesday,Apr,rizwanakhatun341@gmail.com,Non Vegetarian,Lunch,Salt And Pepper Chicken,Lamb And Almond Korma,Riceless Chicken Biryani,Chicken,Mutton,Chicken,Chicken,Flour,750,3.2
MADHURI,35,Female,+91 7025363204,14-Apr-21,Wednesday,Apr,madhuri351@gmail.com,Non Vegetarian,Lunch,Kerala Chilli Mutton,Philly Cheesesteak,Hyderabadi Murgh Dum Biryani,Mutton,Chicken,Chicken,Mutton,Gulab Jamun,600,3.8
GULNANJ,36,Female,+91 7025363205,15-Apr-21,Thursday,Apr,gulnanj361@gmail.com,Non Vegetarian,Lunch,Kerala-Style Chicken Curry,Nilgiri Turkey Korma,Paella Valencia,Chicken,Turkey,Refined flour & egg,Chicken,Green Chillies,650,3.7
ARCHANA,37,Female,+91 7025363206,16-Apr-21,Friday,Apr,archana371@gmail.com,Non Vegetarian,Lunch,Afghani Momos,Champaran Mutton Curry,Chemmeen Biryani,Chicken,Mutton,"Biryani rice , Prawn/shrimps",Chicken,Nuts,800,4
RAJNI DEVI,38,Female,+91 7025363207,17-Apr-21,Saturday,Apr,rajnidevi381@gmail.com,Non Vegetarian,Lunch,Chicken Tikka,Laal Maas,Fish Tikka,Chicken,Mutton,Fish,Chicken,Rabri,1000,3.9
DIPTI,39,Female,+91 7025363208,18-Apr-21,Sunday,Apr,dipti391@gmail.com,Non Vegetarian,Lunch,Chicken Tikka Chaat,Andhra Crab Meat Masala,Pomfret Pulimunchi,Chicken,Crab,Poha,Chicken,Sweet corn,1050,3.9
ARADDHNA,40,Female,+91 7025363209,19-Apr-21,Monday,Apr,araddhna401@gmail.com,Non Vegetarian,Dinner,Creamy Mushroom Chicken,Char Minar Biryani,Grilled Stuffed Pomfret In Turmeric Leaf,Chicken,Mutton,Prawns,Prawn,Nuts,1100,3.8
BHARTI,41,Female,+91 7025363210,20-Apr-21,Tuesday,Apr,bharti411@gmail.com,Non Vegetarian,Dinner,Mughlai Chicken Handi,Cajun Spiced Turkey Wrapped With Bacon,Tray Roast Leg Of Lamb,Chicken,Turkey,Lamb,Chicken,Sweet Potato,1150,4.2
KU DOLLY,42,Female,+91 7025363211,21-Apr-21,Wednesday,Apr,kudolly421@gmail.com,Non Vegetarian,Dinner,Chicken Vegetable Soup,Lamb And Chargrilled Bell Pepper Soup,Andhra Pan Fried Pomfret,Chicken,Mutton,white pomfret fish,Chicken,Lychee,1200,4.6
MEENA DEVI,43,Female,+91 7025363212,22-Apr-21,Thursday,Apr,meenadevi431@gmail.com,Non Vegetarian,Dinner,Butter Chicken,Nazaqati Boti Kebab,Malabari Fish Curry,Chicken,Mutton,Fish,Chicken,Maida,1250,3.8
PAYAL,44,Female,+91 7025363213,23-Apr-21,Friday,Apr,payal441@gmail.com,Non Vegetarian,Dinner,Goan Chicken Rava Fry,Noodle Keema Donut,Ca Cang Kho,Chicken,Mutton,Fish,Chicken,Muskmelon Pulp,1300,3.5
DIVYA KAWAR,45,Female,+91 7025363214,24-Apr-21,Saturday,Apr,divyakawar451@gmail.com,Non Vegetarian,Dinner,Whole Wheat Chicken Momo ,Mongolian Lamb Balls,Yera Sukha,Chicken,Mutton,Prawns,Chicken,Mango,1350,3.6
LAXMI KUMARI,25,Female,+91 7025363215,25-Apr-21,Sunday,Apr,laxmikumari251@gmail.com,Non Vegetarian,Dinner,Hyderabadi Chicken Curry,Oyster Lamb,Portugese Fish Stew,Chicken,Oyster,Poha,Chicken,Coconut milk,1400,4.7
BABLI,26,Female,+91 7025363216,26-Apr-21,Monday,Apr,babli261@gmail.com,Non Vegetarian,Dinner,Allam Kodi Wings Roast,Haleem Khowsuey,Tulsi Ajwain Ka Mahi Tikka,Chicken,Mutton,Fish,Chicken,Makki flour,1450,
MUSKAN URF SUMAN,27,Female,+91 7025363217,27-Apr-21,Tuesday,Apr,muskanurfsuman271@gmail.com,Non Vegetarian,Dinner,Jungli Pulao,Lauki Gosht,Malabar Fish Curry,Chicken,Mutton,Fish,Chicken,Margarine,1500,4.8
BADRUNISHA,28,Female,+91 7025363218,28-Apr-21,Wednesday,Apr,badrunisha281@gmail.com,Non Vegetarian,Dinner,Kerala-Style Chilli Chicken,Railway Mutton Curry,Surmai Curry With Lobster Butter Rice,Chicken,Mutton,Lobster,Chicken,Beetroot,1550,3.7
VARSA,29,Female,+91 7025363219,29-Apr-21,Thursday,Apr,varsa291@gmail.com,Non Vegetarian,Dinner,Butter Chicken Sandwich Spread,Tricolor Dimsums,Seared Salmon In Tabasco Butter,Chicken,Chicken,Salmon fish,Prawn,Chocolate,1600,2.8
SHUKLA VISHWAS,30,Female,+91 7025363220,30-Apr-21,Friday,Apr,shuklavishwas301@gmail.com,Non Vegetarian,Dinner,Chicken Kofta Curry,Kachri Qeema,"Risotto Lobster With Parmesan Egg Pancake, Confit Tomatoes And Coral Tuille",Chicken,Mutton,Chicken,Chicken,Almond,1650,3.9
SHIV SHAKTI SINGH,36,Male,+91 7025363221,1-May-21,Saturday,May,shivshaktisingh361@gmail.com,Non Vegetarian,Dinner,Tandoori Chicken Sandwich,Chicken Shami Kebab,Fish Skewers With Coriander And Red Wine Vinegar Dressing,Chicken,Chicken,Fish,Mutton,Mascarpone Cheese,1700,3
MOTI LAL,37,Male,+91 7025363222,2-May-21,Sunday,May,motilal371@gmail.com,Non Vegetarian,Dinner,Zafrani Chicken Korma,Mutton Shami Kebab,Seafood Rock Filler,Chicken,Mutton, mixed sea food,Chicken,Kalakand,1800,3.7
KAUSAL KUMAR,38,Male,+91 7025363223,3-May-21,Monday,May,kausalkumar381@gmail.com,Non Vegetarian,Dinner,Chicken Spring Roll,Mutton Beliram,Morning Greed,Chicken,Mutton,Panini bread,Chicken,Moong dal,650,3.2
MOHABBAT ALI,39,Male,+91 7025363224,4-May-21,Tuesday,May,mohabbatali391@gmail.com,Non Vegetarian,Dinner,Chicken Loaded Nachos,Keema Matar Masala,Shrimp & Cilantro Ceviche,Chicken,Chicken,Mutton,Chicken,Pista,800,4.9
RAJ KUMAR,40,Male,+91 7025363225,5-May-21,Wednesday,May,rajkumar401@gmail.com,Non Vegetarian,Dinner,Andhra Style Chicken Fry Recipe,Haleem Ke Kebab,Saewoo Bokumbop (Shrimp Fried Rice),Chicken,Mutton,Shrimp,Chicken,Gram flour,600,3.7
JASWANT SINGH,41,Male,+91 7025363226,6-May-21,Thursday,May,jaswantsingh411@gmail.com,Non Vegetarian,Dinner,Kashmiri Yakhni Pulao,Quail Legs With Tamarind Glaze And Fig Chutney,Exotic Lovers Roll,Chicken,Quail,Salmon,Chicken,Macaron,600,3.2
SEVAK,42,Male,+91 7025363227,7-May-21,Friday,May,sevak421@gmail.com,Non Vegetarian,Dinner,Steamed Fish In Banana Leaves,Laal Duck Mole,Goan Prawn Curry & Baked Rice Canapes,Fish,Duck,Prawn,Fish,Egg,750,3.3
CHOTELAL,43,Male,+91 7025363228,8-May-21,Saturday,May,chotelal431@gmail.com,Non Vegetarian,Dinner,Karwar Fish Curry,Lagan Ka Gosht,Bihari Fish Curry,Fish,Mutton,Chicken tikka,Chicken,Flour,600,3.8
RUPESH,44,Male,+91 7025363229,9-May-21,Sunday,May,rupesh441@gmail.com,Non Vegetarian,Dinner,Stuffed Bombile,Prawn Tikka Masala,Fish With Jamun Sauce,Bombile fish,Prawn,Fish,Bombile fish,Thandai,650,3.2
MIDDA,45,Male,+91 7025363230,10-May-21,Monday,May,midda451@gmail.com,Non Vegetarian,Dinner,Kolim Wade,Goan Prawn Curry With Raw Mango,Malabar Fish Biryani,Kolim fish,Prawn,Chicken,Prawn,Flour,800,4
DHARAM SINGH,25,Male,+91 7025363231,11-May-21,Tuesday,May,dharamsingh251@gmail.com,Non Vegetarian,Dinner,Masor Tenga,Machcha Besarou,Prawn And Litchi Salad,Fish,Fish,Potatoes,Fish,Maida,1000,3.1
MANOJ YADAV,26,Male,+91 7025363232,12-May-21,Wednesday,May,manojyadav261@gmail.com,Non Vegetarian,Dinner,Prawn Curry (Awadhi Style),Meen Mulligatanni,Steamed John Dory,Prawn,Fish,Fish,Egg,Muskmelon Pulp,1050,3.3
RAM SINGH,27,Male,+91 7025363233,13-May-21,Thursday,May,ramsingh271@gmail.com,Non Vegetarian,Dinner,Tawa Surmai,Machcha Patropoda (Fish Wrapped In Banana Leaf),Chemeen Thoren,Fish,Fish,prawns,Fish,Mango,1100,4
PREETAM KUMAR,28,Male,+91 7025363234,14-May-21,Friday,May,preetamkumar281@gmail.com,Non Vegetarian,Dinner,Shrimp Tellicherry Biryani,Goan Fish Head Curry,Kerala Fish Curry,Shrimp,Fish,Fish & coconut,Mutton,Coconut milk,1150,4.7
SARAIN,29,Male,+91 7025363235,15-May-21,Saturday,May,sarain291@gmail.com,Non Vegetarian,Dinner,Sesame And Coriander Crusted Basa,Pesto Fish Kebabs,Rasamalai,Basa fish,Fish,Mutton,Basa fish,Makki flour,1200,3.4
EKTA CHAUHAN,31,Female,+91 7025363101,16-May-21,Sunday,May,ektachauhan311@gmail.com,Vegetarian,Breakfast,Beetroot Idli Recipe,Mango Rabri,Veg Hakka Noodles Recipe,Urad Dal,Mango,Rice & vegetables,Urad Dal,Mango,1250,
POOJA KUMARI,32,Female,+91 7025363102,17-May-21,Monday,May,poojakumari321@gmail.com,Vegetarian,Breakfast,Millet Pongal Recipe,Rose & Litchi Ganache Butter Cookies,Vermicelli Upma Recipe,Moong Dal,Litchi,Vermicelli ,Mango,Graham Crackers,1300,3.5
MINAKSHI,33,Female,+91 7025363103,18-May-21,Tuesday,May,minakshi331@gmail.com,Vegetarian,Breakfast,Rava Medu Vada Recipe,New York Cheesecake,Uttapam Recipe,Urad Dal,Graham Crackers,"rice, bengal Gram",Urad Dal,Flour,1350,
NASIMA,34,Female,+91 7025363104,19-May-21,Wednesday,May,nasima341@gmail.com,Vegetarian,Breakfast,Aloo Uttapam Recipe,Microwave Coffee Cake,Upma Recipe,Urad Dal,Flour,Cauliflower,Paneer,Falsa,1400,4
RAJESH,35,Female,+91 7025363105,20-May-21,Thursday,May,rajesh351@gmail.com,Vegetarian,Breakfast,Murmura Idli Recipe,Falsa Popsicles,Aloo Ka Paratha,Urad Dal,Falsa,Potatoes & atta,Urad Dal,Chocolate,1450,4.1
JUNEB BANO,36,Female,+91 7025363106,21-May-21,Friday,May,junebbano361@gmail.com,Vegetarian,Breakfast,Masala Oats Recipe,Unicorn Easter Eggs,Mixed Vegetable Salad,Oats,Hazelnut Ganache,Vegetables,Beetroot,Beetroot,1500,3.7
PARERNA,37,Female,+91 7025363107,22-May-21,Saturday,May,parerna371@gmail.com,Vegetarian,Breakfast,Masala Dosa,Easter Simnel Cake,Masala Puri Recipe,Urad Dal,Margarine,Potatoes,Urad Dal,Chocolate,1550,3.7
ALKA,38,Female,+91 7025363108,23-May-21,Sunday,May,alka381@gmail.com,Vegetarian,Breakfast,Idli,Thandai Macaron,Garlic Bread Recipe,Urad Dal,Macaron,Chicken,Ragi Flour,Almond,1600,3.6
GUNGUN,39,Female,+91 7025363109,24-May-21,Monday,May,gungun391@gmail.com,Vegetarian,Breakfast,Medu Vada,Malai Gujiya,Mysore Masala Dosa Recipe,Urad Dal,Malai,"rice (par-boiled), black gram (urad dal)",Urad Dal,Mango,1650,3.8
SONIA TIWARI,40,Female,+91 7025363110,25-May-21,Tuesday,May,soniatiwari401@gmail.com,Vegetarian,Breakfast,Paruppu Vada,Thandai Cheesecake,Bhatura Recipe,Chana Dal,Thandai,"plain flour,wholewheat flour",Aloo,Graham Crackers,1700,3.4
MUSKAN,41,Female,+91 7025363111,26-May-21,Wednesday,May,muskan411@gmail.com,Vegetarian,Breakfast,Pahadi Kairi Ki Chutney With Gahat Dal Paratha Recipe,Annanas Aur Kalonji Ki Gujiya,Pasta in Cheese Sauce Recipe,Mango,Pineapple,pasta,Mango,Flour,1800,4.3
KISWAR JAHAN,42,Female,+91 7025363112,27-May-21,Thursday,May,kiswarjahan421@gmail.com,Vegetarian,Breakfast,Paneer Bhurji Sandwich Recipe,Chocolate And Cereal Ki Gujiya,Flax Seeds Crackers,Paneer,Chocolate,Flax seeds,Noodles,Falsa,650,3.5
VANDHNA,43,Female,+91 7025363113,28-May-21,Friday,May,vandhna431@gmail.com,Vegetarian,Breakfast,Tamatar Feta Cheese Katlama Recipe,Sitafal Basundi,Spinach Avocado Smoothie,Paneer,Sitafal,Avacodo,Paneer,Chocolate,650,
SANTOSH BAI,44,Female,+91 7025363114,29-May-21,Saturday,May,santoshbai441@gmail.com,Vegetarian,Breakfast,Homemade Veg Grilled Sandwich Recipe,V-Day Spiked Hot Chocolate,Clear Mushroom Soup,Potato,Chocolate,mascarpone cheese,Urad Dal,Beetroot,800,
MUNNI KHATUN,45,Female,+91 7025363115,30-May-21,Sunday,May,munnikhatun451@gmail.com,Vegetarian,Breakfast,Beetroot Chilla Recipe,Mixed Berries And White Chocolate Ghujia With Kahlua Thandai,Cream Of Spinach Soup,Beetroot,Berry,Spinach,Beetroot,Chocolate,600,3.6
ANNPURNA,25,Female,+91 7025363116,31-May-21,Monday,May,annpurna251@gmail.com,Vegetarian,Breakfast,Bajra Dosa Recipe,Khas Khas And Gud Ki Panjiri,Thai Corn Fritters,Millet,Khas Khas,Fresh or Frozen Corns,Atta flour,Almond,600,3.7
SANEHA,26,Female,+91 7025363117,1-Jun-21,Tuesday,Jun,saneha261@gmail.com,Vegetarian,Breakfast,Ragi Dosa Recipe,Christmas Cake,Kolache Pohe (Konkani-Style Poha),Ragi Flour,Flour,Suji,Ragi Flour,Mango,750,3.2
MONIKA RANI,27,Female,+91 7025363118,2-Jun-21,Wednesday,Jun,monikarani271@gmail.com,Vegetarian,Breakfast,Pasta with Tangy Tomato Sauce Recipe,Choco Christmas Pudding,Oats Appe,Wheat flour,Chocolate,Oats,Atta flour,Graham Crackers,600,3.8
REEMA JHA,28,Female,+91 7025363119,3-Jun-21,Thursday,Jun,reemajha281@gmail.com,Vegetarian,Breakfast,Mooli Thepla with Aloo Bhaji Recipe,Jalebi Churros,Veg Makhani (Veg Makhanwala),Aloo,Jalebi,Potatoes,Aloo,Flour,650,3.7
KUMARI MEERA,29,Female,+91 7025363120,4-Jun-21,Friday,Jun,kumarimeera291@gmail.com,Vegetarian,Breakfast,Bedmi Puri With Raseele Aloo Recipe,Gud Til Ladoo,Bread Pakora Chaat,Urad Dal,Ladoo,Bread Egg,Urad Dal,Falsa,800,4
YASHIKA,30,Female,+91 7025363121,5-Jun-21,Saturday,Jun,yashika301@gmail.com,Vegetarian,Lunch,Keema Chana Dal Pulao,Chana Dal Chikki,Vrat-Special Makhana Khichdi,Pulao,Chana dal,Makhana,Makhana,Mango,1000,3.9
TAPSAM,31,Female,+91 7025363122,6-Jun-21,Sunday,Jun,tapsam311@gmail.com,Vegetarian,Lunch,Veg Dum Biryani,Tarte A L'oignon,Satpura,Biryani,Flour,Chicken Breast,Rice,Kalakand,1050,
KHUSBOO,32,Female,+91 7025363123,7-Jun-21,Monday,Jun,khusboo321@gmail.com,Vegetarian,Lunch,Singapore Fried Rice,Homemade Bread Gulab Jamun,Chhattisgarh's Batkar Curry,Fried rice,Gulab Jamun,Maida,Masoor dal,Graham Crackers,1100,3.8
ISHIKA,33,Female,+91 7025363124,8-Jun-21,Tuesday,Jun,ishika331@gmail.com,Vegetarian,Lunch,Chana Dal Pulao,Choco-Elaichi Peda,Paneer Pancake,Pulao,Chocolate,Paneer & bread,Pulao,Flour,1150,4.2
PARTIBHA,34,Female,+91 7025363125,9-Jun-21,Wednesday,Jun,partibha341@gmail.com,Vegetarian,Lunch,Birbal Ki Khichdi,Nuts Barfi,Avocado Mash On Toast,Khichdi,Nuts,Avacodo,Paneer,Falsa,1200,4.3
NARBADA,35,Female,+91 7025363126,10-Jun-21,Thursday,Jun,narbada351@gmail.com,Vegetarian,Lunch,Paneer Fried Rice,Diabetic-Friendly Rabri,Mango Phalsa Chaat,Paneer,Rabri,Mango,Paneer,Hazelnut Ganache,1250,3.8
KUMARI MANJU,36,Female,+91 7025363127,11-Jun-21,Friday,Jun,kumarimanju361@gmail.com,Vegetarian,Lunch,Keto Fried Rice,Jhajariya,Capsicum Rice Recipe,Fried rice,Sweet corn,Milk,Mushroom,Margarine,1300,3.5
RINKU KUMARI,37,Female,+91 7025363128,12-Jun-21,Saturday,Jun,rinkukumari371@gmail.com,Vegetarian,Lunch,Fresh Mango Kheer,Varo Mithai ,Carrot Rice Recipe,Mango,Nuts,carrot,Mango,Macaron,1350,3.6
BARJRAJ,25,Male,+91 7025363129,13-Jun-21,Sunday,Jun,barjraj251@gmail.com,Vegetarian,Lunch,Coriander Burnt Garlic Rice-,Sweet Potato Shrikhand,Churumuri Recipe (Puffed Rice Snack),Garlic rice,Sweet Potato,Poha,Mango,Malai,1400,4.4
RAMDIN VERMA,26,Male,+91 7025363130,14-Jun-21,Monday,Jun,ramdinverma261@gmail.com,Vegetarian,Lunch,Hyderabadi Bagara Khana (Bagara Rice),Lychee Rabri Kulfi,Coconut rice (Thengai sadam),Bagara rice,Lychee,Coconut & Rice,Bagara rice,Thandai,1450,3.7
SHARAT CHANDRAN,27,Male,+91 7025363131,15-Jun-21,Tuesday,Jun,sharatchandran271@gmail.com,Vegetarian,Lunch,Soybean And Baby Potatoes Biryani,Paal Poli,Curd Rice Recipe,Biryani,Maida,White rice & curs,Poha,Pineapple,1500,4.5
BIRENDER MANDAL,28,Male,+91 7025363132,16-Jun-21,Wednesday,Jun,birendermandal281@gmail.com,Vegetarian,Lunch,Rajasthani Kadhi With Tofu Palak Pakoda,Kharbooje Ki Kheer,Pepper Rice Recipe,Gravy,Muskmelon Pulp,white butter,Gravy,Chocolate,1550,3.7
AMIT,29,Male,+91 7025363133,17-Jun-21,Thursday,Jun,amit291@gmail.com,Vegetarian,Lunch,Vegetable Briyani,Mango Phirni,Ghee Rice Recipe,Vegetable,Mango,Raw rice,Raw rice,Vegetable,1600,2.8
KUSHAL,30,Male,+91 7025363134,18-Jun-21,Friday,Jun,kushal301@gmail.com,Vegetarian,Lunch,Khazur Makuti (Khajur Ki Kheer),Tab Tim Krob,Jeera rice recipe,Moong dal,Coconut milk,Japanese curry,Moong dal,Chocolate,1650,3.9
KASID,31,Male,+91 7025363135,19-Jun-21,Saturday,Jun,kasid311@gmail.com,Vegetarian,Lunch,Kesar Pista Phirni,Makai Ki Galvani,Mango Yogurt Parfait,Pista,Makki flour,Alphonso mango,Mango,Sandwich,1700,3
SHIV PRAKASH,32,Male,+91 7025363136,20-Jun-21,Sunday,Jun,shivprakash321@gmail.com,Vegetarian,Lunch,Ghavan,Bingsu,Falsa Chutney,Rice,Berris,Falsa,Rice,Berry,1800,3.7
VIKRAM SINGH,33,Male,+91 7025363137,21-Jun-21,Monday,Jun,vikramsingh331@gmail.com,Vegetarian,Lunch,Korean Bibimbap,Chukandar Ka Halwa With Vanilla Ice Cream,Restaurant-Style Biryani Gravy,Rice,Beetroot,Chicken,Gravy,Khas Khas,650,3.2
SANJAY,34,Male,+91 7025363138,22-Jun-21,Tuesday,Jun,sanjay341@gmail.com,Vegetarian,Lunch,Sakkarai Pongal,Chocolate Frozen Phirni,Mango Pickle,Moong dal,Chocolate,Mango,Moong dal,Sooji / Flour,800,4.6
ABHI,35,Male,+91 7025363139,23-Jun-21,Wednesday,Jun,abhi351@gmail.com,Vegetarian,Lunch,Red Rice Vermicelli Kheer,Almond And Rose Kheer,Suji Cheese Balls ,Red rice,Almond,Cheese cubes  Suji ,Semolina,Chocolate,600,3.7
RAM DUTT GUPTA,36,Male,+91 7025363140,24-Jun-21,Thursday,Jun,ramduttgupta361@gmail.com,Vegetarian,Lunch,Basanti Pulao,Classic Tiramisu,Alphonso Mango Cremeux With Exotic Fresh Wild Berries,Pulao,Mascarpone Cheese,alphonso mango ,Pulao,Jalebi,600,3.2
KHADAK SINGH,37,Male,+91 7025363141,25-Jun-21,Friday,Jun,khadaksingh371@gmail.com,Vegetarian,Dinner,Satrangi Biryani,Crispy Kalakand,Sabudana Chips,Biryani,Kalakand,Mutton,Sabudana,Ladoo,750,3.3
GURMIT SINGH,38,Male,+91 7025363142,26-Jun-21,Saturday,Jun,gurmitsingh381@gmail.com,Vegetarian,Dinner,Palak Dal Khichdi,Besan Ke Laddoo,No Oven Garlic Bread,Spinach,Gram flour,Sooji ,Spinach,Chana dal,600,3.8
CHANDERPAL,39,Male,+91 7025363143,27-Jun-21,Sunday,Jun,chanderpal391@gmail.com,Vegetarian,Dinner,Badam Ki Phirni,Chocolate Chip Cookies,Mango Suji Cake,Badam,Chocolate,Alphonso mango,Mango,Flour,650,3.2
AMAN,40,Male,+91 7025363144,28-Jun-21,Monday,Jun,aman401@gmail.com,Vegetarian,Dinner,Ada Pradhaman,Sable Viennois,Restaurant-Style Gravy,Ada,Egg,Chicken,Ada,Gulab Jamun,800,4
KHURSID,41,Male,+91 7025363145,29-Jun-21,Tuesday,Jun,khursid411@gmail.com,Vegetarian,Dinner,Green Cucumber Shots,Sweet Kachoris,Mango Salsa,Cucumber,Flour,Mango,Mango,Chocolate,1000,3.1
RAJEEV,42,Male,+91 7025363146,30-Jun-21,Wednesday,Jun,rajeev421@gmail.com,Vegetarian,Dinner,Thai Pineapple Rice,Thandai Mousse,Cheese Baked Penne With A Kolhapuri Jhatka,Pineapple,Thandai,Penne pasta,Pineapple,Nuts,1050,3.3
DURGESH,43,Male,+91 7025363147,1-Jul-21,Thursday,Jul,durgesh431@gmail.com,Vegetarian,Dinner,Fried Rice With Soya Chunks,Eggless Red Velvet Pastry,Amritsari Paneer Pakoda,Basmati Rice &  Soya Chunks,Flour,Paneer,Soya chunks,Green chillies,1100,4
NAHAR SINGH,44,Male,+91 7025363148,2-Jul-21,Friday,Jul,naharsingh441@gmail.com,Vegetarian,Dinner,Veg Pulao,Strawberry Chia Pudding,Coconut Milk Based Mushrooms With Herb Rice,Vegetable,Strawberry,"Coconut, Mango & Oats","Coconut, Mango & Oats",Vegetable,1150,4.7
RAM KUMAR,45,Male,+91 7025363149,3-Jul-21,Saturday,Jul,ramkumar451@gmail.com,Vegetarian,Dinner,Veg Fried Rice,"Amaranthus Granola With Lemon Yogurt, Berries And Marigold",Aloo Paneer Pakoda,Rice & vegetables,Popped Amaranthus,Potatoes & paneer,Vegetables,Oil,1200,3.4
SUNDER PAAL,25,Male,+91 7025363150,4-Jul-21,Sunday,Jul,sunderpaal251@gmail.com,Vegetarian,Dinner,Instant Rava Dosa,Anarse Ki Goli,Mango Jamun Phirni,"rava/Suji/Semolina, rice flour, all purpose flour", atta,Mango,Coconut pieces,Ghee,1250,3.6
MAANSINGH ASWAL,26,Male,+91 7025363151,5-Jul-21,Monday,Jul,maansinghaswal261@gmail.com,Vegetarian,Dinner,No Bake Apple Pie,Anjeer Ki Barfi,Mushroom Ghee Roast,Apple,anjeer,"Murmura, Rava",Almond,Falsa,1300,3.5
ROHIT,27,Male,+91 7025363152,6-Jul-21,Tuesday,Jul,rohit271@gmail.com,Vegetarian,Dinner,Gatte Ke Khichdi,Atte Ki Pinni,Aloo Chokha (Bengali-Style Aloo Bharta),Rice,Atta,Potatoes,Rice,Garam Masala,1350,3.6
SPARSH,28,Male,+91 7025363153,7-Jul-21,Wednesday,Jul,sparsh281@gmail.com,Vegetarian,Dinner,Gehun Ki Kheer,Beej Ki Barfi,Tok Dal (Bengali-Style Raw Mango Dal),Wheat,Melon seeds,Masoor dal,cashew nuts,Ghee,1400,4
SANTOSH,29,Male,+91 7025363154,8-Jul-21,Thursday,Jul,santosh291@gmail.com,Vegetarian,Dinner,Gluten Free Polenta Halwa,Amaranth Chocolate Ravioli With Kahlua Chocolate Sauce,Kathiawari Aloo Chana Chaat,gluten-free polenta,"Amaranth flour, whole wheat flour",Rice & chicken,"Halwa, dry fruits, nuts",Ghee,1450,4.1
PUNIT KHANDELWAL,30,Male,+91 7025363155,9-Jul-21,Friday,Jul,punitkhandelwal301@gmail.com,Vegetarian,Dinner,Gokul Pithe,Baked Blueberry Cheesecake,Oats Dahi Ke Kabab,Coconut,blueberries,Oats,Coconut,sodium bicarbonate,1500,3.7
DINESH,31,Male,+91 7025363156,10-Jul-21,Saturday,Jul,dinesh311@gmail.com,Vegetarian,Dinner,Greek Style Pizza,Brownie Bottom Cheesecake,Tapioca Chips,Pizza Flour & cheese,cream cheese,Tapioca ,Cheese,Chilli flakes,1550,
GULSHAN,32,Male,+91 7025363157,11-Jul-21,Sunday,Jul,gulshan321@gmail.com,Vegetarian,Dinner,Chinese Noodles,Carrot Cake,Chikar Chole,Noodles,carrot,Chick peas,Chick peas,Noodles,1600,3.6
ARVIND KUMAR YADAV,33,Male,+91 7025363158,12-Jul-21,Monday,Jul,arvindkumaryadav331@gmail.com,Vegetarian,Dinner,Green Lentil Dessert Fudge,Chocolate Fudge Cookies,Killer And George Chutney,Moond beans,Cocoa Powder,Suji,Almonds,Ghee,1650,3.8
NAUSAD,34,Male,+91 7025363159,13-Jul-21,Tuesday,Jul,nausad341@gmail.com,Vegetarian,Dinner,Grilled Almond Barfi (Sugar Free),Chocolate Mocha-Kissed Bundt Cake,Paneer Kohlapuri,Khoya,Chocolate,Paneer & bread,Almonds,Sweetners,1700,3.4
MD. AFSAR,35,Male,+91 7025363160,14-Jul-21,Wednesday,Jul,md.afsar351@gmail.com,Vegetarian,Dinner,Grilled Peach And Papaya Salad With Amaranth Granola,Chocolate Mug Cake,Herb And Garlic Ghee Infused Veggie Pasta,Papaya,Cocoa Powder,Pasta,Papaya,Vinegar,1800,4.3
SPANA,40,Female,+91 7025363161,15-Jul-21,Thursday,Jul,spana401@gmail.com,Non Vegetarian,Breakfast,African Omelette,Christmas Chocolate Fudge Cookies,Handi Omelette Recipe,Mutton mince,Baking powder,eggs,Mutton,Oil,650,3.5
RITA ROY,41,Female,+91 7025363162,16-Jul-21,Friday,Jul,ritaroy411@gmail.com,Non Vegetarian,Breakfast,Apple Pancakes,Christmas Plum Cake,Egg Chapati Recipe,Apples,mixed dry fruits,Eggs,Apples,Oil,650,
RESHMA,42,Female,+91 7025363163,17-Jul-21,Saturday,Jul,reshma421@gmail.com,Non Vegetarian,Breakfast,Avocado Toast,Christmas Pudding,Chilli Garlic Omelette Recipe,Avacado,Cocoa Powder,Eggs,Spinach,Flour,800,
SAMAIALI,43,Female,+91 7025363164,18-Jul-21,Sunday,Jul,samaiali431@gmail.com,Non Vegetarian,Breakfast,Baked Eggs,Waffle Cake,Chicken Cheese Sandwich Recipe,Eggs,Refined flour,Chicken,Eggs,Pepper,600,3.6
PRIYANKA SAGAR,44,Female,+91 7025363165,19-Jul-21,Monday,Jul,priyankasagar441@gmail.com,Non Vegetarian,Breakfast,Banh Xeo (Vietnamese Pancakes),White Chocolate Cheesecake,One Pot Chicken Pasta,chicken breasts,Eggs,Eggs,Chicken,Oil,600,3.7
SAMREEN,45,Female,+91 7025363166,20-Jul-21,Tuesday,Jul,samreen451@gmail.com,Non Vegetarian,Breakfast,Bhaji Par Eeda,Gajar Ka Halwa,Achaari Chicken Cutlet Sandwich,egg,Gajar,Chicken,Eggs,Ghee,750,3.2
HIMANSHI,25,Female,+91 7025363167,21-Jul-21,Wednesday,Jul,himanshi251@gmail.com,Non Vegetarian,Breakfast,Boiled Egg Omelette,Gulab Badam Chikki,Butter Chicken Kulcha,Egg,Butter,Chicken & Butter,Eggs,Oil,600,3.8
PANKAJ,26,Female,+91 7025363168,22-Jul-21,Thursday,Jul,pankaj261@gmail.com,Non Vegetarian,Breakfast,Boiled Egg Stir-Fry,Gulab Jamun,Chicken Hakka Noodles,Egg,Semolina,Chicken & noodles,Eggs,Oil,650,3.7
ROSHAN,27,Female,+91 7025363169,23-Jul-21,Friday,Jul,roshan271@gmail.com,Non Vegetarian,Breakfast,Bread And Butter Pudding,Suji Gulab Jamun,Butter Chicken Momos," bread slices, Butter",Suji ,Chicken & Butter,Bread ,sweetner,800,4
GUL AFSHAN,28,Female,+91 7025363170,24-Jul-21,Saturday,Jul,gulafshan281@gmail.com,Non Vegetarian,Breakfast,Breakfast Fish Cakes,Turmeric Kulfi,Mutton Vadai,white fish,Milk,Dijon mustard & Cauliflowers,Fish,Oil,1000,
SHANA,29,Female,+91 7025363171,25-Jul-21,Sunday,Jul,shana291@gmail.com,Non Vegetarian,Breakfast,Californian Breakfast Benedict,Kolambi Bhaat,Mutton Spring Roll,Avacodo,Prawn,Dijon mustard & Cauliflowers,Assorted seasonal fruits,Eggs,1050,3.9
NAGMA,30,Female,+91 7025363172,26-Jul-21,Monday,Jul,nagma301@gmail.com,Non Vegetarian,Breakfast,Cheese Omelette,Badam burfi recipe,Meat Lovers Pizza,"Cheese,Egg",Badam,chicken salami,Eggs,Oil,1100,3.8
TANUJA,31,Female,+91 7025363173,27-Jul-21,Tuesday,Jul,tanuja311@gmail.com,Non Vegetarian,Breakfast,Chicken Caesar Pasta Salad,Badam Kheer Recipe ,Cheddar Cheese Sole Fish Tikka,Chicken,Badam,Boneless fish,Chicken,Vinegar,1150,4.2
RISHU,32,Female,+91 7025363174,28-Jul-21,Wednesday,Jul,rishu321@gmail.com,Non Vegetarian,Breakfast,Chicken Cheese Sandwich,Badam ladoo,Prawn Pie,Chicken,Badam,Prawn,Chicken,Bread,1200,4.7
GUNJAN VERNA,33,Female,+91 7025363175,29-Jul-21,Thursday,Jul,gunjanverna331@gmail.com,Non Vegetarian,Breakfast,Chicken Masala Omelette,Badam milk ,Beer Batter Fish Fingers,Chicken,Badam,River Sole Fish ,Chicken,Oil,1250,3.8
NOOR JALA,34,Female,+91 7025363176,30-Jul-21,Friday,Jul,noorjala341@gmail.com,Non Vegetarian,Breakfast,Chicken Mayo Sandwich,Eggless Chocolate Cake Recipe,Egg Sandwich Cake,Chicken,Chocolate,Eggs,Chicken,Pepper,1300,3.5
NIKHIDA,35,Female,+91 7025363177,31-Jul-21,Saturday,Jul,nikhida351@gmail.com,Non Vegetarian,Breakfast,Chicken Omelette With Sauteed Mushrooms,Eggless Black Forest Cake Recipe,Cinnamon Bread Pudding,Chicken,Cake,Nutmeg Powder,Chicken,Oil,1350,3.6
NITHIKA,36,Female,+91 7025363178,1-Aug-21,Sunday,Aug,nithika361@gmail.com,Non Vegetarian,Breakfast,Chicken Pasta Salad,Eggless Banana Pancakes,Classic American Pancakes,Chicken,Banana,All purpose flour,Chicken,Oil,1400,4.8
RAMBA,37,Female,+91 7025363179,2-Aug-21,Monday,Aug,ramba371@gmail.com,Non Vegetarian,Breakfast,Chicken Stew And Appam,Eggless chocolate banana cake,Desi Style Fluffy Omelette,Chicken,Banana,Eggs,Chicken,Baking soda,1450,3.7
DIVYA,38,Female,+91 7025363180,3-Aug-21,Tuesday,Aug,divya381@gmail.com,Non Vegetarian,Breakfast,Chilli Garlic Omelette,Chocolate banana cake no eggs,Deviled Eggs,Eggs,Banana,Eggs,Eggs,Red chilli powder,1500,4.9
RENU,38,Female,+91 7025363181,4-Aug-21,Wednesday,Aug,renu381@gmail.com,Non Vegetarian,Lunch,Meen Pollichathu,Leftover Chicken Curry Biryani,Chicken Tawa Boti,Fish,Chicken,Chicken,Chicken,Egg,1550,3.7
DEEPIKA,39,Female,+91 7025363182,5-Aug-21,Thursday,Aug,deepika391@gmail.com,Non Vegetarian,Lunch,BBQ Malai Boti, Almond ladoo,Style Butter Chicken,Mutton,Almond,All purpose flour,Mutton,Flour,1600,2.8
KUMKUM,35,Female,+91 7025363183,6-Aug-21,Friday,Aug,kumkum351@gmail.com,Non Vegetarian,Lunch,Sindhi Mutton Fry,Almond burfi,Satay Chicken Curry,Mutton,Almond,Chicken Breast,Chicken,Strawberry,1650,3.9
RUKSANA,36,Female,+91 7025363184,7-Aug-21,Saturday,Aug,ruksana361@gmail.com,Non Vegetarian,Lunch,Rara Mutton,Badam katli,Tamil Nadu-Style Chicken Salna,Mutton,Badam,Chicken,Mutton,Mango,1700,3
PRIYANKA BAGCDANI,37,Female,+91 7025363185,8-Aug-21,Sunday,Aug,priyankabagcdani371@gmail.com,Non Vegetarian,Lunch,Pepperoni Pizza,Badam Payasam,Muthiya Chicken Kebab,Flour,Badam,Dijon mustard & Cauliflowers,Flour,Chocolate,1800,3.7
SWEETY,38,Female,+91 7025363186,9-Aug-21,Monday,Aug,sweety381@gmail.com,Non Vegetarian,Lunch,Saag Gosht,Almond Kheer,Chicken Katsu Burger,Mutton,Almond,Chicken,Mutton,Graham Crackers,650,
GULAFSA KHATUN,39,Female,+91 7025363187,10-Aug-21,Tuesday,Aug,gulafsakhatun391@gmail.com,Non Vegetarian,Lunch,Badam Gosht Korma,Almond Jaggery Burfi,Thai Chicken Stir Fry,Mutton,Almond,Chicken,Chicken,Flour,800,3.2
CAPTAIN,40,Female,+91 7025363188,11-Aug-21,Wednesday,Aug,captain401@gmail.com,Non Vegetarian,Lunch,Mutton Akbari,BlackForest cake,Stuffed Makhmali Chicken Tikka,Mutton,cake,Chicken,Mutton,Falsa,600,3.7
KUMARI PRIYANKA AGARWAL,41,Female,+91 7025363189,12-Aug-21,Thursday,Aug,kumaripriyankaagarwal411@gmail.com,Non Vegetarian,Lunch,Military Mutton Curry,Hariyali Chicken Biryani,Slow Cooked Chicken Tikka Masala,Mutton,Chicken,Chicken,Chicken,Hazelnut Ganache,600,3.2
REKHA,42,Female,+91 7025363190,13-Aug-21,Friday,Aug,rekha421@gmail.com,Non Vegetarian,Lunch,Mutton Tandoori,Yakhni Biryani,Salami Roll,Mutton,Chicken,Salami Slices,Salami Slices,Mutton,750,3.3
AKANSHA,43,Female,+91 7025363191,14-Aug-21,Saturday,Aug,akansha431@gmail.com,Non Vegetarian,Lunch,Keema Naan,One-Pot Chicken Rice,Chicken Bihari Boti,Mutton,Chicken,Chicken,Chicken,Macaron,600,3.8
KRITIKA,44,Female,+91 7025363192,15-Aug-21,Sunday,Aug,kritika441@gmail.com,Non Vegetarian,Lunch,Coriander Mutton Fry,Chicken Mandi Biryani,Mexican Chicken Nachos,Mutton,Chicken,Chicken,Mutton,Malai,650,3.2
SEFALI,45,Female,+91 7025363193,16-Aug-21,Monday,Aug,sefali451@gmail.com,Non Vegetarian,Lunch,Lahori Mutton Karahi,Shahi Dastarkhwan Chicken Biryani,Malai Tikka Pulao,Mutton,Chicken,Chicken,Chicken,Thandai,800,4
KHSHBU,25,Female,+91 7025363194,17-Aug-21,Tuesday,Aug,khshbu251@gmail.com,Non Vegetarian,Lunch,Kashmiri Harissa,Chicken Seekh Kabab Pulao,Ramadan Special Khichdi,Mutton,Chicken,Chicken,Mutton,Pineapple,1000,3.1
HEENA,26,Female,+91 7025363195,18-Aug-21,Wednesday,Aug,heena261@gmail.com,Non Vegetarian,Lunch,Mutton Tahari,Egg Keema Pulao,Chicken Potato Kebab,Mutton,Egg,Chicken,Egg,Chocolate,1050,3.3
SUNAKI,27,Female,+91 7025363196,19-Aug-21,Thursday,Aug,sunakiw/okallu271@gmail.com,Non Vegetarian,Lunch,Low Calorie Baingan Chips,Karnataka Style Biryani,Chicken Laccha Pakora,Brinjal,Chicken,Chicken,Brinjal,Sitafal,1100,4
PARAMJEET KAUR,28,Female,+91 7025363197,20-Aug-21,Friday,Aug,paramjeetkaur281@gmail.com,Non Vegetarian,Lunch,Mutton Chaap Fry,Mutton Mandi Biryani,Summer Blossom Salad,Mutton,Mutton,Chicken,Mutton,Chocolate,1150,4.7
SANGEET,29,Female,+91 7025363198,21-Aug-21,Saturday,Aug,sangeet291@gmail.com,Non Vegetarian,Lunch,Mutton Resha Gosht,Sofiana Biryani,Mexican Chicken Rice,Mutton,Egg,Chicken,Mutton,Sandwich,1200,3.4
NEELIMA,30,Female,+91 7025363199,22-Aug-21,Sunday,Aug,neelima301@gmail.com,Non Vegetarian,Lunch,Kadaknath Chicken Curry,Butter Chicken Biryani,Hyderabadi Green Chicken,Chicken,Chicken,Chicken,Chicken,Berry,1250,3.6
DEEPTI,31,Female,+91 7025363200,23-Aug-21,Monday,Aug,deepti311@gmail.com,Non Vegetarian,Lunch,Keto Butter Chicken,Bamboo Biryani,Gongura Chicken Biryani,Chicken,Chicken,Boneless Chicken,Chicken,Khas Khas,1300,3.5
RAJKUMARI,32,Female,+91 7025363201,24-Aug-21,Tuesday,Aug,rajkumari321@gmail.com,Non Vegetarian,Lunch,Lahori Charga,Dum Biryani Risotto,Thai Chicken Fried Rice,Chicken,Chicken,Chicken,Chicken,Sooji / Flour,1350,
POOJA KANWAR,33,Female,+91 7025363202,25-Aug-21,Wednesday,Aug,poojakanwar331@gmail.com,Non Vegetarian,Lunch,The Pancake Underground,Murgh Biryani,Honey Garlic Chicken,Egg,Chicken,Chicken,Egg,Chocolate,1400,4
RIZWANA KHATUN,34,Female,+91 7025363203,26-Aug-21,Thursday,Aug,rizwanakhatun341@gmail.com,Non Vegetarian,Lunch,Lamb And Almond Korma,Riceless Chicken Biryani,Salt And Pepper Chicken,Mutton,Chicken,Chicken,Chicken,Jalebi,1450,4.1
MADHURI,35,Female,+91 7025363204,27-Aug-21,Friday,Aug,madhuri351@gmail.com,Non Vegetarian,Lunch,Philly Cheesesteak,Hyderabadi Murgh Dum Biryani,Kerala Chilli Mutton,Chicken,Chicken,Mutton pieces & chilli,Chicken,Ladoo,1500,3.7
GULNANJ,36,Female,+91 7025363205,28-Aug-21,Saturday,Aug,gulnanj361@gmail.com,Non Vegetarian,Lunch,Nilgiri Turkey Korma,Paella Valencia,Kerala-Style Chicken Curry,Turkey,Fish,Chicken,Chicken,Chana dal,1550,3.7
ARCHANA,37,Female,+91 7025363206,29-Aug-21,Sunday,Aug,archana371@gmail.com,Non Vegetarian,Lunch,Champaran Mutton Curry,Chemmeen Biryani,Afghani Momos,Mutton,Prawn,Momos,Mutton,Flour,1600,3.6
RAJNI DEVI,38,Female,+91 7025363207,30-Aug-21,Monday,Aug,rajnidevi381@gmail.com,Non Vegetarian,Lunch,Laal Maas,Fish Tikka,Chicken Tikka,Mutton,Fish,Chicken,Chicken,Gulab Jamun,1650,3.8
DIPTI,39,Female,+91 7025363208,31-Aug-21,Tuesday,Aug,dipti391@gmail.com,Non Vegetarian,Lunch,Andhra Crab Meat Masala,Pomfret Pulimunchi,Chicken Tikka Chaat,Crab,Fish,Chicken,Crab,Chocolate,1700,3.4
ARADDHNA,40,Female,+91 7025363209,1-Sep-21,Wednesday,Sep,araddhna401@gmail.com,Non Vegetarian,Dinner,Char Minar Biryani,Grilled Stuffed Pomfret In Turmeric Leaf,Creamy Mushroom Chicken,Mutton,Fish,Chicken,Mutton,Rabri,1800,4.3
BHARTI,41,Female,+91 7025363210,2-Sep-21,Thursday,Sep,bharti411@gmail.com,Non Vegetarian,Dinner,Cajun Spiced Turkey Wrapped With Bacon,Tray Roast Leg Of Lamb,Mughlai Chicken Handi,Turkey,Mutton,Chicken,Chicken,Sweet corn,650,
KU DOLLY,42,Female,+91 7025363211,3-Sep-21,Friday,Sep,kudolly421@gmail.com,Non Vegetarian,Dinner,Lamb And Chargrilled Bell Pepper Soup,Andhra Pan Fried Pomfret,Chicken Vegetable Soup,Mutton,Fish,Chicken,Mutton,Nuts,650,3.5
MEENA DEVI,43,Female,+91 7025363212,4-Sep-21,Saturday,Sep,meenadevi431@gmail.com,Non Vegetarian,Dinner,Nazaqati Boti Kebab,Malabari Fish Curry,Butter Chicken,Mutton,Fish,Chicken & Butter,Chicken,Sweet Potato,800,3.5
PAYAL,44,Female,+91 7025363213,5-Sep-21,Sunday,Sep,payal441@gmail.com,Non Vegetarian,Dinner,Noodle Keema Donut,Ca Cang Kho,Goan Chicken Rava Fry,Mutton,Fish,Chicken,Mutton,Lychee,600,3.6
DIVYA KAWAR,45,Female,+91 7025363214,6-Sep-21,Monday,Sep,divyakawar451@gmail.com,Non Vegetarian,Dinner,Mongolian Lamb Balls,Yera Sukha,Whole Wheat Chicken Momo ,Mutton,Prawn,Chicken,Chicken,Maida,600,3.7
LAXMI KUMARI,25,Female,+91 7025363215,7-Sep-21,Tuesday,Sep,laxmikumari251@gmail.com,Non Vegetarian,Dinner,Oyster Lamb,Portugese Fish Stew,Hyderabadi Chicken Curry,Oyster,Fish,Chicken,Oyster,Muskmelon Pulp,750,3.2
BABLI,26,Female,+91 7025363216,8-Sep-21,Wednesday,Sep,babli261@gmail.com,Non Vegetarian,Dinner,Haleem Khowsuey,Tulsi Ajwain Ka Mahi Tikka,Allam Kodi Wings Roast,Mutton,Fish,Chicken Wings,Chicken,Mango,600,3.8
MUSKAN URF SUMAN,27,Female,+91 7025363217,9-Sep-21,Thursday,Sep,muskanurfsuman271@gmail.com,Non Vegetarian,Dinner,Lauki Gosht,Malabar Fish Curry,Jungli Pulao,Mutton,Fish,Chicken,Mutton,Coconut milk,650,3.7
BADRUNISHA,28,Female,+91 7025363218,10-Sep-21,Friday,Sep,badrunisha281@gmail.com,Non Vegetarian,Dinner,Railway Mutton Curry,Surmai Curry With Lobster Butter Rice,Kerala-Style Chilli Chicken,Mutton,Lobster,Chicken,Egg,Makki flour,800,4
VARSA,29,Female,+91 7025363219,11-Sep-21,Saturday,Sep,varsa291@gmail.com,Non Vegetarian,Dinner,Tricolor Dimsums,Seared Salmon In Tabasco Butter,Butter Chicken Sandwich Spread,Chicken,Fish,Chicken & Butter,Chicken,berris / Fruits,1000,
SHUKLA VISHWAS,30,Female,+91 7025363220,12-Sep-21,Sunday,Sep,shuklavishwas301@gmail.com,Non Vegetarian,Dinner,Kachri Qeema,"Risotto Lobster With Parmesan Egg Pancake, Confit Tomatoes And Coral Tuille",Chicken Kofta Curry,Mutton,Lobster,Chicken,Mutton,Beetroot,1050,3.9
SHIV SHAKTI SINGH,36,Male,+91 7025363221,13-Sep-21,Monday,Sep,shivshaktisingh361@gmail.com,Non Vegetarian,Dinner,Chicken Shami Kebab,Fish Skewers With Coriander And Red Wine Vinegar Dressing,Tandoori Chicken Sandwich,Chicken,Fish,Chicken,Chicken,Chocolate,1100,3.8
MOTI LAL,37,Male,+91 7025363222,14-Sep-21,Tuesday,Sep,motilal371@gmail.com,Non Vegetarian,Dinner,Mutton Shami Kebab,Seafood Rock Filler,Zafrani Chicken Korma,Mutton,Fish,Chicken,Chicken,Almond,1150,4.2
KAUSAL KUMAR,38,Male,+91 7025363223,15-Sep-21,Wednesday,Sep,kausalkumar381@gmail.com,Non Vegetarian,Dinner,Mutton Beliram,Morning Greed,Chicken Spring Roll,Mutton,Fish,Chicken,Mutton,Mascarpone Cheese,1200,3.3
MOHABBAT ALI,39,Male,+91 7025363224,16-Sep-21,Thursday,Sep,mohabbatali391@gmail.com,Non Vegetarian,Dinner,Keema Matar Masala,Shrimp & Cilantro Ceviche,Chicken Loaded Nachos,Chicken,Prawn,Chicken,Chicken,Kalakand,1250,3.8
RAJ KUMAR,40,Male,+91 7025363225,17-Sep-21,Friday,Sep,rajkumar401@gmail.com,Non Vegetarian,Dinner,Haleem Ke Kebab,Saewoo Bokumbop (Shrimp Fried Rice),Andhra Style Chicken Fry Recipe,Mutton,Shrimp,Chicken,Mutton,Moong dal,1300,3.5
JASWANT SINGH,41,Male,+91 7025363226,18-Sep-21,Saturday,Sep,jaswantsingh411@gmail.com,Non Vegetarian,Dinner,Quail Legs With Tamarind Glaze And Fig Chutney,Exotic Lovers Roll,Kashmiri Yakhni Pulao,Quail,Fish,Rice & chicken,Chicken,Pista,1350,3.6
SEVAK,42,Male,+91 7025363227,19-Sep-21,Sunday,Sep,sevak421@gmail.com,Non Vegetarian,Dinner,Laal Duck Mole,Goan Prawn Curry & Baked Rice Canapes,Steamed Fish In Banana Leaves,Duck,Prawn,Fish,Duck,Gram flour,1400,3.4
CHOTELAL,43,Male,+91 7025363228,20-Sep-21,Monday,Sep,chotelal431@gmail.com,Non Vegetarian,Dinner,Lagan Ka Gosht,Bihari Fish Curry,Karwar Fish Curry,Mutton,Fish,Surmai fish,Chicken,Chocolate,1450,
RUPESH,44,Male,+91 7025363229,21-Sep-21,Tuesday,Sep,rupesh441@gmail.com,Non Vegetarian,Dinner,Prawn Tikka Masala,Fish With Jamun Sauce,Stuffed Bombile,Prawn,Fish,Duck,Chicken,Chocolate,1500,3.5
MIDDA,45,Male,+91 7025363230,22-Sep-21,Wednesday,Sep,midda451@gmail.com,Non Vegetarian,Dinner,Goan Prawn Curry With Raw Mango,Malabar Fish Biryani,Kolim Wade,Prawn,Fish,Rice flour & kolim,Prawn,Almond,1550,3.7
DHARAM SINGH,25,Male,+91 7025363231,23-Sep-21,Thursday,Sep,dharamsingh251@gmail.com,Non Vegetarian,Dinner,Machcha Besarou,Prawn And Litchi Salad,Masor Tenga,Fish,Prawn,Milk & chai masala,Chicken,Mascarpone Cheese,1600,2.8
MANOJ YADAV,26,Male,+91 7025363232,24-Sep-21,Friday,Sep,manojyadav261@gmail.com,Non Vegetarian,Dinner,Meen Mulligatanni,Steamed John Dory,Prawn Curry (Awadhi Style),Fish,Steamed,Potatoes,Fish,Kalakand,1650,3.9
RAM SINGH,27,Male,+91 7025363233,25-Sep-21,Saturday,Sep,ramsingh271@gmail.com,Non Vegetarian,Dinner,Machcha Patropoda (Fish Wrapped In Banana Leaf),Chemeen Thoren,Tawa Surmai,Fish,prawns,Fish,Chicken,Moong dal,1700,3
PREETAM KUMAR,28,Male,+91 7025363234,26-Sep-21,Sunday,Sep,preetamkumar281@gmail.com,Non Vegetarian,Dinner,Goan Fish Head Curry,Kerala Fish Curry,Shrimp Tellicherry Biryani,Fish,Fish,Mutton,Fish,Pista,1800,3.7
SARAIN,29,Male,+91 7025363235,27-Sep-21,Monday,Sep,sarain291@gmail.com,Non Vegetarian,Dinner,Pesto Fish Kebabs,Rasamalai,Sesame And Coriander Crusted Basa,Fish,Badam,Vermicelli,Chicken,berris / Fruits,650,3.2
PANKAJ KUMAR,30,Male,+91 7025363236,28-Sep-21,Tuesday,Sep,pankajkumar301@gmail.com,Both,Breakfast,Mango Rabri,Handi Omelette Recipe,Beetroot Idli Recipe,Mango,Omelette,Beetroot,Poha,Chocolate,800,3.6
SHEAK SHAKIR,31,Male,+91 7025363237,29-Sep-21,Wednesday,Sep,sheakshakir311@gmail.com,Both,Breakfast,Rose & Litchi Ganache Butter Cookies,Egg Chapati Recipe,Millet Pongal Recipe,Litchi,Egg,Yellow Moong Dal,Biryani,Litchi,600,3.7
RIYASAT ALI,32,Male,+91 7025363238,30-Sep-21,Thursday,Sep,riyasatali321@gmail.com,Both,Breakfast,New York Cheesecake,Chilli Garlic Omelette Recipe,Rava Medu Vada Recipe,Graham Crackers,Omelette,Rava,Graham Crackers,Beetroot,600,3.2
VINIT KATARIYA,33,Male,+91 7025363239,1-Oct-21,Friday,Oct,vinitkatariya331@gmail.com,Both,Breakfast,Microwave Coffee Cake,Chicken Cheese Sandwich Recipe,Aloo Uttapam Recipe,Flour,Chicken Sandwich,Potatoes,Vegetables,Chocolate,750,3.3
SUMIT,34,Male,+91 7025363240,2-Oct-21,Saturday,Oct,sumit341@gmail.com,Both,Breakfast,Falsa Popsicles,One Pot Chicken Pasta,Murmura Idli Recipe,Falsa,Chicken Pasta,"Murmura, Rava",Falsa,Almond,600,3.8
ARINDRA,35,Male,+91 7025363241,3-Oct-21,Sunday,Oct,arindra351@gmail.com,Both,Breakfast,Unicorn Easter Eggs,Achaari Chicken Cutlet Sandwich,Masala Oats Recipe,Hazelnut Ganache,Chicken Sandwich,Oats,Paneer,Hazelnut Ganache,650,3.2
KALI CHARAN,36,Male,+91 7025363242,4-Oct-21,Monday,Oct,kalicharan361@gmail.com,Both,Breakfast,Easter Simnel Cake,Butter Chicken Kulcha,Masala Dosa,Margarine,Chicken Kulcha,Rice & black gram,Mushroom,Margarine,800,
BADSHYA KHAN,37,Male,+91 7025363243,5-Oct-21,Tuesday,Oct,badshyakhan371@gmail.com,Both,Breakfast,Thandai Macaron,Chicken Hakka Noodles,Idli,Macaron,Chicken Noodles,Coffee,Mango,Macaron,1000,3.1
VIKASH,38,Male,+91 7025363244,6-Oct-21,Wednesday,Oct,vikash381@gmail.com,Both,Breakfast,Malai Gujiya,Butter Chicken Momos,Medu Vada,Malai,Chicken Momos,Eggs,Mango,Malai,1050,3.3
DEVINDER CHADDA,39,Male,+91 7025363245,7-Oct-21,Thursday,Oct,devinderchadda391@gmail.com,Both,Breakfast,Thandai Cheesecake,Mutton Vadai,Paruppu Vada,Thandai,Mutton,Almonds & loyus seeds,Bagara rice,Thandai,1100,4
MOHAN SINGH,40,Male,+91 7025363246,8-Oct-21,Friday,Oct,mohansingh401@gmail.com,Both,Breakfast,Annanas Aur Kalonji Ki Gujiya,Mutton Spring Roll,Pahadi Kairi Ki Chutney With Gahat Dal Paratha Recipe,Pineapple,Mutton,Raw mango grated &  Horse Gram ( Gahat dal) ,Poha,Pineapple,1150,4.7
HEMANT,41,Male,+91 7025363247,9-Oct-21,Saturday,Oct,hemant411@gmail.com,Both,Breakfast,Chocolate And Cereal Ki Gujiya,Meat Lovers Pizza,Paneer Bhurji Sandwich Recipe,Chocolate,Chicken Pizza,Paneer & bread,Gravy,Chocolate,1200,3.4
SHIVAM,42,Male,+91 7025363248,10-Oct-21,Sunday,Oct,shivam421@gmail.com,Both,Breakfast,Sitafal Basundi,Cheddar Cheese Sole Fish Tikka,Tamatar Feta Cheese Katlama Recipe,Sitafal,Fish,"Tomatoes,Paneer, Feta cheese",Vegetables,Sitafal,1250,3.6
YASH MITTAL,43,Male,+91 7025363249,11-Oct-21,Monday,Oct,yashmittal431@gmail.com,Both,Breakfast,V-Day Spiked Hot Chocolate,Prawn Pie,Homemade Veg Grilled Sandwich Recipe,Chocolate,Prawn Pie,Vegetables,Paneer,Mango,1300,3.5
AAKASH,44,Male,+91 7025363250,12-Oct-21,Tuesday,Oct,aakash441@gmail.com,Both,Breakfast,Mixed Berries And White Chocolate Ghujia With Kahlua Thandai,Beer Batter Fish Fingers,Beetroot Chilla Recipe,Berry,Fish Fingers,Beetroot,Rice,Berry,1350,3.6
CHANDESH,45,Male,+91 7025363251,13-Oct-21,Wednesday,Oct,chandesh451@gmail.com,Both,Breakfast,Khas Khas And Gud Ki Panjiri,Egg Sandwich Cake,Bajra Dosa Recipe,Khas Khas,Sandwich,"rice, urad dal",Gravy,Khas Khas,1400,4
SUMIT MITRA,25,Male,+91 7025363252,14-Oct-21,Thursday,Oct,sumitmitra251@gmail.com,Both,Breakfast,Christmas Cake,Cinnamon Bread Pudding,Ragi Dosa Recipe,Flour,Nutmeg Powder,"Ragi (nachni) flour, Rice flour",Moong dal,Sooji / Flour,1450,4.1
SUPRIYAL SEN,26,Male,+91 7025363253,15-Oct-21,Friday,Oct,supriyalsen261@gmail.com,Both,Breakfast,Choco Christmas Pudding,Classic American Pancakes,Pasta with Tangy Tomato Sauce Recipe,Chocolate,All purpose flour,Wheat flour/Rye four/Barley flour ,Semolina,Chocolate,1500,
GAJENDER SINGH,27,Male,+91 7025363254,16-Oct-21,Saturday,Oct,gajendersingh271@gmail.com,Both,Breakfast,Jalebi Churros,Desi Style Fluffy Omelette,Mooli Thepla with Aloo Bhaji Recipe,Jalebi,Eggs,"Atta, rice & radish leaves",Pulao,Jalebi,1550,3.7
POORAN CHAND SHARMA,28,Male,+91 7025363255,17-Oct-21,Sunday,Oct,pooranchandsharma281@gmail.com,Both,Breakfast,Gud Til Ladoo,Deviled Eggs,Bedmi Puri With Raseele Aloo Recipe,Ladoo,Eggs,Urad dal ,Sabudana,Ladoo,1600,3.6
IRFAN,29,Male,+91 7025363256,18-Oct-21,Monday,Oct,irfan291@gmail.com,Both,Lunch,Chana Dal Chikki,Chicken Tawa Boti,Keema Chana Dal Pulao,Chana dal,Chicken,lamb keema & rice,Spinach,Chana dal,1650,3.8
AZARUDDIN,30,Male,+91 7025363257,19-Oct-21,Tuesday,Oct,azaruddin301@gmail.com,Both,Lunch,Tarte A L'oignon,Style Butter Chicken,Veg Dum Biryani,Flour,Chicken,Rice & vegetables,Mango,Flour,1700,3.4
MUKUL YADAV,31,Male,+91 7025363258,20-Oct-21,Wednesday,Oct,mukulyadav311@gmail.com,Both,Lunch,Homemade Bread Gulab Jamun,Satay Chicken Curry,Singapore Fried Rice,Gulab Jamun,Chicken,Crab,Ada,Gulab Jamun,1800,4.3
MANOJ,32,Male,+91 7025363259,21-Oct-21,Thursday,Oct,manoj321@gmail.com,Both,Lunch,Choco-Elaichi Peda,Tamil Nadu-Style Chicken Salna,Chana Dal Pulao,Chocolate,Chicken,Chana,Mango,Chocolate,650,3.5
SANJAY CHAREE,33,Male,+91 7025363260,22-Oct-21,Friday,Oct,sanjaycharee331@gmail.com,Both,Lunch,Nuts Barfi,Muthiya Chicken Kebab,Birbal Ki Khichdi,Nuts,Chicken,Fruits,Pineapple,Nuts,650,3.5
RAJA BABU,34,Male,+91 7025363261,23-Oct-21,Saturday,Oct,rajababu341@gmail.com,Both,Lunch,Diabetic-Friendly Rabri,Chicken Katsu Burger,Paneer Fried Rice,Rabri,Chicken,Paneer & bread,Paneer,Rabri,800,3.5
PAWAN,35,Male,+91 7025363262,24-Oct-21,Sunday,Oct,pawan351@gmail.com,Both,Lunch,Jhajariya,Thai Chicken Stir Fry,Keto Fried Rice,Sweet corn,Chicken,Chicken,Biryani,Sweet corn,600,3.6
SANDEEP,36,Male,+91 7025363263,25-Oct-21,Monday,Oct,sandeep361@gmail.com,Both,Lunch,Varo Mithai ,Stuffed Makhmali Chicken Tikka,Fresh Mango Kheer,Nuts,Chicken,Mango,Paneer,Nuts,600,
RAJKUMAR CHAWLA,37,Male,+91 7025363264,26-Oct-21,Tuesday,Oct,rajkumarchawla371@gmail.com,Both,Lunch,Sweet Potato Shrikhand,Slow Cooked Chicken Tikka Masala,Coriander Burnt Garlic Rice-,Sweet Potato,Chicken,Garlic & Rice,Pulao,Sweet Potato,750,3.2
PARVESH,38,Male,+91 7025363265,27-Oct-21,Wednesday,Oct,parvesh381@gmail.com,Both,Lunch,Lychee Rabri Kulfi,Salami Roll,Hyderabadi Bagara Khana (Bagara Rice),Lychee,Salami,Wheat flour,Mushroom,Lychee,600,3.8
MOHD ATAULLAH,39,Male,+91 7025363266,28-Oct-21,Thursday,Oct,mohdataullah391@gmail.com,Both,Lunch,Paal Poli,Chicken Bihari Boti,Soybean And Baby Potatoes Biryani,Maida,Chicken,Chicken,Paneer,Maida,650,3.7
NEERAJ KUMAR,40,Male,+91 7025363267,29-Oct-21,Friday,Oct,neerajkumar401@gmail.com,Both,Lunch,Kharbooje Ki Kheer,Mexican Chicken Nachos,Rajasthani Kadhi With Tofu Palak Pakoda,Muskmelon Pulp,Chicken,Mutton,Masoor dal,Muskmelon Pulp,800,4
JAMIL KHAN,41,Male,+91 7025363268,30-Oct-21,Saturday,Oct,jamilkhan411@gmail.com,Both,Lunch,Mango Phirni,Malai Tikka Pulao,Vegetable Briyani,Mango,Chicken,Rice paper rolls,Mango,Mango,1000,3.9
YOGITA,42,Male,+91 7025363269,31-Oct-21,Sunday,Oct,yogita421@gmail.com,Both,Lunch,Tab Tim Krob,Ramadan Special Khichdi,Khazur Makuti (Khajur Ki Kheer),Coconut milk,Chicken,Suji,Oats,Coconut milk,1050,3.9
RIJUL AGGARWAL,43,Male,+91 7025363270,1-Nov-21,Monday,Nov,rijulaggarwal431@gmail.com,Both,Lunch,Makai Ki Galvani,Chicken Potato Kebab,Kesar Pista Phirni,Makki flour,Chicken,Chicken,Bagara rice,Makki flour,1100,3.8
MOHD SHAKIB,44,Male,+91 7025363271,2-Nov-21,Tuesday,Nov,mohdshakib441@gmail.com,Both,Lunch,Bingsu,Chicken Laccha Pakora,Ghavan,Berris,Chicken,Raw rice,Chikar,berris / Fruits,1150,4.2
RAHUL KUMAR,45,Male,+91 7025363272,3-Nov-21,Wednesday,Nov,rahulkumar451@gmail.com,Both,Lunch,Chukandar Ka Halwa With Vanilla Ice Cream,Summer Blossom Salad,Korean Bibimbap,Beetroot,Chicken ham,Chicken,Beetroot,Graham Crackers,1200,3.7
RAJENDER,25,Male,+91 7025363273,4-Nov-21,Thursday,Nov,rajender251@gmail.com,Both,Lunch,Chocolate Frozen Phirni,Mexican Chicken Rice,Sakkarai Pongal,Chocolate,Chicken,Shrimp,Mushroom,Flour,1250,3.8
SURAJ,26,Male,+91 7025363274,5-Nov-21,Friday,Nov,suraj261@gmail.com,Both,Lunch,Almond And Rose Kheer,Hyderabadi Green Chicken,Red Rice Vermicelli Kheer,Almond,Chicken,"red rice, poha",Almond,Falsa,1300,3.5
RIZWAN,27,Male,+91 7025363275,6-Nov-21,Saturday,Nov,rizwan271@gmail.com,Both,Lunch,Classic Tiramisu,Gongura Chicken Biryani,Basanti Pulao,Mascarpone Cheese,Chicken,Rice,Apple,Mascarpone Cheese,1350,3.6
MD MUSTAFA,28,Male,+91 7025363276,7-Nov-21,Sunday,Nov,mdmustafa281@gmail.com,Both,Dinner,Crispy Kalakand,Thai Chicken Fried Rice,Satrangi Biryani,Kalakand,Chicken,Chicken Breast,Rice,Kalakand,1400,3.8
HAR PARSAD,29,Male,+91 7025363277,8-Nov-21,Monday,Nov,harparsad291@gmail.com,Both,Dinner,Besan Ke Laddoo,Honey Garlic Chicken,Palak Dal Khichdi,Gram flour,Chicken,Raw mango grated &  Horse Gram ( Gahat dal) ,chickpeas,Gram flour,1450,3.7
DEEPAK,30,Male,+91 7025363278,9-Nov-21,Tuesday,Nov,deepak301@gmail.com,Both,Dinner,Chocolate Chip Cookies,Salt And Pepper Chicken,Badam Ki Phirni,Chocolate,Chicken,Almonds,Pulao,Chocolate,1500,3.9
RAHUL,31,Male,+91 7025363279,10-Nov-21,Wednesday,Nov,rahul311@gmail.com,Both,Dinner,Sable Viennois,Kerala Chilli Mutton,Ada Pradhaman,Egg,Mutton,Ada,Pakoda,Egg,1550,
ABHISHEKH,32,Male,+91 7025363280,11-Nov-21,Thursday,Nov,abhishekh321@gmail.com,Both,Dinner,Sweet Kachoris,Kerala-Style Chicken Curry,Green Cucumber Shots,Flour,Chicken,English cucumbers,Spinach,Flour,1600,2.8
SHELENDER YADAV,33,Male,+91 7025363281,12-Nov-21,Friday,Nov,shelenderyadav331@gmail.com,Both,Dinner,Thandai Mousse,Afghani Momos,Thai Pineapple Rice,Thandai,Chicken,Rice & pineapple,Makhana,Thandai,1650,3.9
ANKIT,34,Male,+91 7025363282,13-Nov-21,Saturday,Nov,ankit341@gmail.com,Both,Dinner,Eggless Red Velvet Pastry,Chicken Tikka,Fried Rice With Soya Chunks,Flour,Chicken,Basmati Rice &  Soya Chunks,Ada,Flour,1700,3
MOHD AAKIB,35,Male,+91 7025363283,14-Nov-21,Sunday,Nov,mohdaakib351@gmail.com,Both,Dinner,Strawberry Chia Pudding,Chicken Tikka Chaat,Veg Pulao,Strawberry,Chicken,Paneer,Masoor dal,Strawberry,1800,3.7
SURENDER SINGH CHAUHAN,36,Male,+91 7025363284,15-Nov-21,Monday,Nov,surendersinghchauhan361@gmail.com,Both,Dinner,"Amaranthus Granola With Lemon Yogurt, Berries And Marigold",Creamy Mushroom Chicken,Veg Fried Rice,Popped Amaranthus,Chicken,Rice & vegetables,blueberries,Oil,650,3.2
ARJUN,37,Male,+91 7025363285,16-Nov-21,Tuesday,Nov,arjun371@gmail.com,Both,Dinner,Anarse Ki Goli,Mughlai Chicken Handi,Instant Rava Dosa, atta,Chicken,"rava/Suji/Semolina, rice flour, all purpose flour",Atta ,Ghee,800,4.2
RAHUL SHARMA,38,Male,+91 7025363286,17-Nov-21,Wednesday,Nov,rahulsharma381@gmail.com,Both,Dinner,Anjeer Ki Barfi,Chicken Vegetable Soup,No Bake Apple Pie,anjeer,Chicken,"rice (par-boiled), black gram (urad dal)",cashew nuts,Ghee,600,3.7
KESHAR ANSARI,39,Male,+91 7025363287,18-Nov-21,Thursday,Nov,kesharansari391@gmail.com,Both,Dinner,Atte Ki Pinni,Butter Chicken,Gatte Ke Khichdi,Atta,Chicken,Rice,cashew nuts,Ghee,600,3.2
RAJU,40,Male,+91 7025363288,19-Nov-21,Friday,Nov,raju401@gmail.com,Both,Dinner,Beej Ki Barfi,Goan Chicken Rava Fry,Gehun Ki Kheer,Melon seeds,Chicken,Wheat,Barfee,Ghee,750,3.3
KULDEEP SINGH,41,Male,+91 7025363289,20-Nov-21,Saturday,Nov,kuldeepsingh411@gmail.com,Both,Dinner,Amaranth Chocolate Ravioli With Kahlua Chocolate Sauce,Whole Wheat Chicken Momo ,Gluten Free Polenta Halwa,"Amaranth flour, whole wheat flour",Chicken,gluten-free polenta,Chocolate,Milk,600,
SANTLAL,42,Male,+91 7025363290,21-Nov-21,Sunday,Nov,santlal421@gmail.com,Both,Dinner,Baked Blueberry Cheesecake,Hyderabadi Chicken Curry,Gokul Pithe,blueberries,Chicken,Coconut,blueberries,biscuits,650,3.2
LALIT RANA,43,Male,+91 7025363291,22-Nov-21,Monday,Nov,lalitrana431@gmail.com,Both,Dinner,Brownie Bottom Cheesecake,Allam Kodi Wings Roast,Greek Style Pizza,cream cheese,Chicken,Pizza Flour & cheese,Chocolate,Curd,800,4
PULKIT SHARMA,44,Male,+91 7025363292,23-Nov-21,Tuesday,Nov,pulkitsharma441@gmail.com,Both,Dinner,Carrot Cake,Jungli Pulao,Chinese Noodles,carrot,Chicken,Boneless fish,Egg,Baking soda,1000,3.1
AMAN SONI,45,Male,+91 7025363293,24-Nov-21,Wednesday,Nov,amansoni451@gmail.com,Both,Dinner,Chocolate Fudge Cookies,Kerala-Style Chilli Chicken,Green Lentil Dessert Fudge,Cocoa Powder,Chicken,Moond beans,Chocolate,Baking soda,1050,3.3
JAHOOR AHMED MEER,25,Male,+91 7025363294,25-Nov-21,Thursday,Nov,jahoorahmedmeer251@gmail.com,Both,Dinner,Chocolate Mocha-Kissed Bundt Cake,Butter Chicken Sandwich Spread,Grilled Almond Barfi (Sugar Free),Chocolate,Chicken,Khoya,Chocolate,Oil,1100,4
TAMMANNE,26,Male,+91 7025363295,26-Nov-21,Friday,Nov,tammanne261@gmail.com,Both,Dinner,Chocolate Mug Cake,Chicken Kofta Curry,Grilled Peach And Papaya Salad With Amaranth Granola,Cocoa Powder,Chicken,Papaya,Egg,Baking soda,1150,4.7
KAILASH KUMAR,27,Male,+91 7025363296,27-Nov-21,Saturday,Nov,kailashkumar271@gmail.com,Both,Breakfast,Christmas Chocolate Fudge Cookies,Veg Hakka Noodles Recipe,African Omelette,Baking powder,Noodles,Egg,Chocolate,sugar,1200,
BHAGWATI PRASAD,28,Male,+91 7025363297,28-Nov-21,Sunday,Nov,bhagwatiprasad281@gmail.com,Both,Breakfast,Christmas Plum Cake,Vermicelli Upma Recipe,Apple Pancakes,mixed dry fruits,Vermicelli,Apples,Fruits,sugar,1250,3.6
AJAY,29,Male,+91 7025363298,29-Nov-21,Monday,Nov,ajay291@gmail.com,Both,Breakfast,Christmas Pudding,Uttapam Recipe,Avocado Toast,Cocoa Powder,Urad Dal,Avacodo,Chocolate,sugar,1300,3.5
SILENDER,30,Male,+91 7025363299,30-Nov-21,Tuesday,Nov,silender301@gmail.com,Both,Breakfast,Waffle Cake,Upma Recipe,Baked Eggs,Refined flour,Semolina,Eggs,Wallnuts,Baking soda,1350,3.6
AKHILESH,31,Male,+91 7025363300,1-Dec-21,Wednesday,Dec,akhilesh311@gmail.com,Both,Breakfast,White Chocolate Cheesecake,Aloo Ka Paratha,Banh Xeo (Vietnamese Pancakes),Eggs,Atta flour,chicken breasts,Eggs,Cheese,1400,4
DIPENDRA KUMAR,32,Male,+91 7025363301,2-Dec-21,Thursday,Dec,dipendrakumar321@gmail.com,Both,Breakfast,Gajar Ka Halwa,Mixed Vegetable Salad,Bhaji Par Eeda,Gajar,Vegetable Salad,egg,egg,Gajar,1450,4.1
NITIN,33,Male,+91 7025363302,3-Dec-21,Friday,Dec,nitin331@gmail.com,Both,Breakfast,Gulab Badam Chikki,Masala Puri Recipe,Boiled Egg Omelette,Butter,Atta flour,Egg,Almonds,Salt,1500,3.7
DOODHNATH PANDIT,34,Male,+91 7025363303,4-Dec-21,Saturday,Dec,doodhnathpandit341@gmail.com,Both,Breakfast,Gulab Jamun,Garlic Bread Recipe,Boiled Egg Stir-Fry,Semolina,Bread,Egg,Semolina,Ghee,1550,3.7
ASLAM ALLAM,35,Male,+91 7025363304,5-Dec-21,Sunday,Dec,aslamallam351@gmail.com,Both,Breakfast,Suji Gulab Jamun,Mysore Masala Dosa Recipe,Bread And Butter Pudding,Suji ,Urad Dal," bread slices, Butter",Sugar,Oil,1600,3.6
JITENDER KUMAR,36,Male,+91 7025363305,6-Dec-21,Monday,Dec,jitenderkumar361@gmail.com,Both,Breakfast,Turmeric Kulfi,Bhatura Recipe,Breakfast Fish Cakes,Milk,Wheat flour,white fish,Milk,sugar,1650,3.8
ADNAN,37,Male,+91 7025363306,7-Dec-21,Tuesday,Dec,adnan371@gmail.com,Both,Breakfast,Kolambi Bhaat,Pasta in Cheese Sauce Recipe,Californian Breakfast Benedict,Prawn,Pasta,Avacodo,Prawn,Falsa,1700,
VIJAY,38,Male,+91 7025363307,8-Dec-21,Wednesday,Dec,vijay381@gmail.com,Both,Breakfast,Badam burfi recipe,Flax Seeds Crackers,Cheese Omelette,Badam,Flax Seeds,"Cheese,Egg","Cheese,Egg",Badam,1800,4.3
YOGESH,39,Male,+91 7025363308,9-Dec-21,Thursday,Dec,yogesh391@gmail.com,Both,Breakfast,Badam Kheer Recipe ,Spinach Avocado Smoothie,Chicken Caesar Pasta Salad,Badam,Spinach,Chicken,Chicken,Badam,650,3.5
KABIR,40,Male,+91 7025363309,10-Dec-21,Friday,Dec,kabir401@gmail.com,Both,Breakfast,Badam ladoo,Clear Mushroom Soup,Chicken Cheese Sandwich,Badam,Mushroom,Chicken,Chicken,Badam,650,3.5
SARVESH,41,Male,+91 7025363310,11-Dec-21,Saturday,Dec,sarvesh411@gmail.com,Both,Breakfast,Badam milk ,Cream Of Spinach Soup,Chicken Masala Omelette,Badam,Spinach,Chicken,Chicken,Badam,800,3.5
RAKESH SARKAR,42,Male,+91 7025363311,12-Dec-21,Sunday,Dec,rakeshsarkar421@gmail.com,Both,Breakfast,Eggless Chocolate Cake Recipe,Thai Corn Fritters,Chicken Mayo Sandwich,Chocolate,Corn,Chicken,Chicken,Chocolate,600,3.6
AKASH GUPTA,43,Male,+91 7025363312,13-Dec-21,Monday,Dec,akashgupta431@gmail.com,Both,Breakfast,Eggless Black Forest Cake Recipe,Kolache Pohe (Konkani-Style Poha),Chicken Omelette With Sauteed Mushrooms,Cake,Poha,Chicken,Chicken,Cake,600,3.7
PINTU THAKUR,44,Male,+91 7025363313,14-Dec-21,Tuesday,Dec,pintuthakur441@gmail.com,Both,Breakfast,Eggless Banana Pancakes,Oats Appe,Chicken Pasta Salad,Banana,Oats,Chicken,Chicken,Banana,750,3.2
VIVEK,45,Male,+91 7025363314,15-Dec-21,Wednesday,Dec,vivek451@gmail.com,Both,Breakfast,Eggless chocolate banana cake,Veg Makhani (Veg Makhanwala),Chicken Stew And Appam,Banana,Vegetables,Chicken,Chicken,Banana,600,3.8
MOHD KHAIRUL,25,Male,+91 7025363315,16-Dec-21,Thursday,Dec,mohdkhairul251@gmail.com,Both,Breakfast,Chocolate banana cake no eggs,Bread Pakora Chaat,Chilli Garlic Omelette,Banana,Bread,Eggs,Eggs,Banana,650,3.7
FARMAAN KHAN,26,Male,+91 7025363316,17-Dec-21,Friday,Dec,farmaankhan261@gmail.com,Both,Lunch,Leftover Chicken Curry Biryani,Vrat-Special Makhana Khichdi,Meen Pollichathu,Chicken,Makhana,Fish,Chicken,Hazelnut Ganache,800,4
VANSU DEV,27,Male,+91 7025363317,18-Dec-21,Saturday,Dec,vansudev271@gmail.com,Both,Lunch, Almond ladoo,Satpura,BBQ Malai Boti,Almond,Flour,Mango,Mango,Almond,1000,3.9
SHYAM KUMAR,28,Male,+91 7025363318,19-Dec-21,Sunday,Dec,shyamkumar281@gmail.com,Both,Lunch,Almond burfi,Chhattisgarh's Batkar Curry,Sindhi Mutton Fry,Almond,Masoor dal,Mutton,Mutton,Almond,1050,3.9
SHAFIBUL,29,Male,+91 7025363319,20-Dec-21,Monday,Dec,shafibul291@gmail.com,Both,Lunch,Badam katli,Paneer Pancake,Rara Mutton,Badam,Paneer,Mutton,Mutton,Badam,1100,3.8
LALIT KATHURIYA,30,Male,+91 7025363320,21-Dec-21,Tuesday,Dec,lalitkathuriya301@gmail.com,Both,Lunch,Badam Payasam,Avocado Mash On Toast,Pepperoni Pizza,Badam,Avacado,pasta,pasta,Badam,1150,4.2
POORAN CHAND,31,Male,+91 7025363321,22-Dec-21,Wednesday,Dec,pooranchand311@gmail.com,Both,Lunch,Almond Kheer,Mango Phalsa Chaat,Saag Gosht,Almond,Mango,Mutton,Mutton,Almond,1200,
AAMIR HUSSAIN,32,Male,+91 7025363322,23-Dec-21,Thursday,Dec,aamirhussain321@gmail.com,Both,Lunch,Almond Jaggery Burfi,Capsicum Rice Recipe,Badam Gosht Korma,Almond,Capsicum,"mutton, almonds","mutton, almonds",Almond,1250,3.8
KAMAL JIT SINGH,33,Male,+91 7025363323,24-Dec-21,Friday,Dec,kamaljitsingh331@gmail.com,Both,Lunch,BlackForest cake,Carrot Rice Recipe,Mutton Akbari,Cake,Carrot,Dijon mustard & Cauliflowers,Dijon mustard & Cauliflowers,Cake,1300,3.5
SHIV KUMAR,34,Male,+91 7025363324,25-Dec-21,Saturday,Dec,shivkumar341@gmail.com,Both,Lunch,Hariyali Chicken Biryani,Churumuri Recipe (Puffed Rice Snack),Military Mutton Curry,Chicken,Puffed Rice,Mutton,Chicken,Malai,1350,3.6
MAYANK CHAUDHARY,35,Male,+91 7025363325,26-Dec-21,Sunday,Dec,mayankchaudhary351@gmail.com,Both,Lunch,Yakhni Biryani,Coconut rice (Thengai sadam),Mutton Tandoori,Chicken,Coconut,Dijon mustard & Cauliflowers,Salami,Thandai,1400,4.4
SOM DUTT,36,Male,+91 7025363326,27-Dec-21,Monday,Dec,somdutt361@gmail.com,Both,Lunch,One-Pot Chicken Rice,Curd Rice Recipe,Keema Naan,Chicken,Curd,Maida &  minced mutton,Chicken,Pineapple,1450,
BABLU REGAR,37,Male,+91 7025363327,28-Dec-21,Tuesday,Dec,babluregar371@gmail.com,Both,Lunch,Chicken Mandi Biryani,Pepper Rice Recipe,Coriander Mutton Fry,Chicken,Pepper,Mutton,Chicken,Chocolate,1500,4.5
RAJKUMAR,38,Male,+91 7025363328,29-Dec-21,Wednesday,Dec,rajkumar381@gmail.com,Both,Lunch,Shahi Dastarkhwan Chicken Biryani,Ghee Rice Recipe,Lahori Mutton Karahi,Chicken,Ghee,Mutton,Chicken,Sitafal,1550,3.7
MUBARIK,39,Male,+91 7025363329,30-Dec-21,Thursday,Dec,mubarik391@gmail.com,Both,Lunch,Chicken Seekh Kabab Pulao,Jeera rice recipe,Kashmiri Harissa,Chicken,Jeera,mutton/lamb,Chicken,Chocolate,1600,2.8
NIRAJ,40,Male,+91 7025363330,31-Dec-21,Friday,Dec,niraj401@gmail.com,Both,Lunch,Egg Keema Pulao,Mango Yogurt Parfait,Mutton Tahari,Egg,Mango,Dijon mustard & Cauliflowers,Egg,Sandwich,1650,3.9
SARBJEET,41,Male,+91 7025363331,1-Jan-22,Saturday,Jan,sarbjeet411@gmail.com,Both,Lunch,Karnataka Style Biryani,Falsa Chutney,Low Calorie Baingan Chips,Chicken,Falsa,Brinjal,Chicken,Berry,1700,3
AXAT,42,Male,+91 7025363332,2-Jan-22,Sunday,Jan,axat421@gmail.com,Both,Lunch,Mutton Mandi Biryani,Restaurant-Style Biryani Gravy,Mutton Chaap Fry,Mutton,Gravy,Dijon mustard & Cauliflowers,Mutton,Khas Khas,1800,3.7
ANUBHAV SHRIVASTAB,43,Male,+91 7025363333,3-Jan-22,Monday,Jan,anubhavshrivastab431@gmail.com,Both,Lunch,Sofiana Biryani,Mango Pickle,Mutton Resha Gosht,Egg,Mango,Dijon mustard & Cauliflowers,Chicken,Sooji / Flour,650,3.2
AKKASH,44,Male,+91 7025363334,4-Jan-22,Tuesday,Jan,akkash441@gmail.com,Both,Lunch,Butter Chicken Biryani,Suji Cheese Balls ,Kadaknath Chicken Curry,Chicken,Semolina,Chicken,Chicken,Chocolate,800,4.7
HIMANSHU,45,Male,+91 7025363335,5-Jan-22,Wednesday,Jan,himanshu451@gmail.com,Both,Lunch,Bamboo Biryani,Alphonso Mango Cremeux With Exotic Fresh Wild Berries,Keto Butter Chicken,Chicken,Mango,Chicken,Chicken,Jalebi,600,3.7
HARSH DAGAR,25,Male,+91 7025363336,6-Jan-22,Thursday,Jan,harshdagar251@gmail.com,Both,Lunch,Dum Biryani Risotto,Sabudana Chips,Lahori Charga,Chicken,Sabudana,Chicken,Chicken,Ladoo,600,3.2
ANIL KUMAR,26,Male,+91 7025363337,7-Jan-22,Friday,Jan,anilkumar261@gmail.com,Both,Lunch,Murgh Biryani,No Oven Garlic Bread,The Pancake Underground,Chicken,Bread,Eggs,Chicken,Chana dal,750,
VIJAY VIRMANI,27,Male,+91 7025363338,8-Jan-22,Saturday,Jan,vijayvirmani271@gmail.com,Both,Lunch,Riceless Chicken Biryani,Mango Suji Cake,Lamb And Almond Korma,Chicken,Mango,Lamb,Chicken,Flour,600,3.8
SUNITA,36,Female,+91 7025363339,9-Jan-22,Sunday,Jan,sunita361@gmail.com,Both,Lunch,Hyderabadi Murgh Dum Biryani,Restaurant-Style Gravy,Philly Cheesesteak,Chicken,Gravy,pasta,Mutton,Flour,650,3.2
RAJIA,37,Female,+91 7025363340,10-Jan-22,Monday,Jan,rajia371@gmail.com,Both,Lunch,Paella Valencia,Mango Salsa,Nilgiri Turkey Korma,Fish,Mango,"rice (par-boiled), black gram (urad dal)",Chicken,Mango,800,4
DEVI,38,Female,+91 7025363341,11-Jan-22,Tuesday,Jan,devi381@gmail.com,Both,Lunch,Chemmeen Biryani,Cheese Baked Penne With A Kolhapuri Jhatka,Champaran Mutton Curry,Prawn,Pasta,Mutton,Prawn,Litchi,1000,3.1
SITA,39,Female,+91 7025363342,12-Jan-22,Wednesday,Jan,sita391@gmail.com,Both,Lunch,Fish Tikka,Amritsari Paneer Pakoda,Laal Maas,Fish,Paneer,Mutton,Chicken,Graham Crackers,1050,3.3
RUBI,40,Female,+91 7025363343,13-Jan-22,Thursday,Jan,rubi401@gmail.com,Both,Lunch,Pomfret Pulimunchi,Coconut Milk Based Mushrooms With Herb Rice,Andhra Crab Meat Masala,Fish,Mushroom,Crab,Fish,Flour,1100,
PRIYANSI,41,Female,+91 7025363344,14-Jan-22,Friday,Jan,priyansi411@gmail.com,Both,Dinner,Grilled Stuffed Pomfret In Turmeric Leaf,Aloo Paneer Pakoda,Char Minar Biryani,Fish,Paneer,"Mutton, grain rice",Chicken,Falsa,1150,4.7
NANDU,42,Female,+91 7025363345,15-Jan-22,Saturday,Jan,nandu421@gmail.com,Both,Dinner,Tray Roast Leg Of Lamb,Mango Jamun Phirni,Cajun Spiced Turkey Wrapped With Bacon,Mutton,Mango,Turkey,Mutton,Hazelnut Ganache,1200,3.4
NAZMIN,43,Female,+91 7025363346,16-Jan-22,Sunday,Jan,nazmin431@gmail.com,Both,Dinner,Andhra Pan Fried Pomfret,Mushroom Ghee Roast,Lamb And Chargrilled Bell Pepper Soup,Fish,Mushroom,Lamb & pepper,Chicken,Margarine,1250,3.6
TRIPTI,44,Female,+91 7025363347,17-Jan-22,Monday,Jan,tripti441@gmail.com,Both,Dinner,Malabari Fish Curry,Aloo Chokha (Bengali-Style Aloo Bharta),Nazaqati Boti Kebab,Fish,Aloo,"rice (par-boiled), black gram (urad dal)",Fish,Macaron,1300,3.5
RAMVATI,45,Female,+91 7025363348,18-Jan-22,Tuesday,Jan,ramvati451@gmail.com,Both,Dinner,Ca Cang Kho,Tok Dal (Bengali-Style Raw Mango Dal),Noodle Keema Donut,Fish,Masoor dal,Sooji ,Fish,Thandai,1350,3.6
AFSANA,25,Female,+91 7025363349,19-Jan-22,Wednesday,Jan,afsana251@gmail.com,Both,Dinner,Yera Sukha,Kathiawari Aloo Chana Chaat,Mongolian Lamb Balls,Prawn,Chana,Lamb ,Mutton,Pineapple,1400,4
FARIDA BEGAM,26,Female,+91 7025363350,20-Jan-22,Thursday,Jan,faridabegam261@gmail.com,Both,Dinner,Portugese Fish Stew,Oats Dahi Ke Kabab,Oyster Lamb,Fish,Oats,Orange And Ginger,Fish,Chocolate,1450,4.1
SIMRAN,27,Female,+91 7025363351,21-Jan-22,Friday,Jan,simran271@gmail.com,Both,Dinner,Tulsi Ajwain Ka Mahi Tikka,Tapioca Chips,Haleem Khowsuey,Fish,Tapioca,Mutton,Chicken,Sitafal,1500,3.7
RANITA,28,Female,+91 7025363352,22-Jan-22,Saturday,Jan,ranita281@gmail.com,Both,Dinner,Malabar Fish Curry,Chikar Chole,Lauki Gosht,Fish,Chikar,Mutton,Fish,Chocolate,1550,
YOGITA TIWARI,29,Female,+91 7025363353,23-Jan-22,Sunday,Jan,yogitatiwari291@gmail.com,Both,Dinner,Surmai Curry With Lobster Butter Rice,Killer And George Chutney,Railway Mutton Curry,Lobster,killer,Mutton,Chicken,Sandwich,1600,3.6
ASHA,30,Female,+91 7025363354,24-Jan-22,Monday,Jan,asha301@gmail.com,Both,Dinner,Seared Salmon In Tabasco Butter,Paneer Kohlapuri,Tricolor Dimsums,Fish,Pohlapuri,Chicken,Fish,Berry,1650,3.8
SONIYA,31,Female,+91 7025363355,25-Jan-22,Tuesday,Jan,soniya311@gmail.com,Both,Dinner,"Risotto Lobster With Parmesan Egg Pancake, Confit Tomatoes And Coral Tuille",Herb And Garlic Ghee Infused Veggie Pasta,Kachri Qeema,Lobster,Herb,Mutton,Chicken,Khas Khas,1700,3.4
